2008-01-01T00:00:00.000Z				1.165844E7
2008-01-02T00:00:00.000Z				1.2539321E7
2008-01-03T00:00:00.000Z				1.0005638E7
2008-01-04T00:00:00.000Z				5742755.0
2008-01-05T00:00:00.000Z				1.0138669E7
2008-01-06T00:00:00.000Z				1.0193451E7
2008-01-07T00:00:00.000Z				6334123.5
2008-01-08T00:00:00.000Z				7538619.0
2008-01-09T00:00:00.000Z				1.0275422E7
2008-01-10T00:00:00.000Z				6779763.0
2008-01-11T00:00:00.000Z				1.0357812E7
2008-01-12T00:00:00.000Z				8891442.0
2008-01-13T00:00:00.000Z				1.1092754E7
2008-01-14T00:00:00.000Z				1.1683552E7
2008-01-15T00:00:00.000Z				1.1564812E7
2008-01-16T00:00:00.000Z				999337.8
2008-01-17T00:00:00.000Z				1.1471531E7
2008-01-18T00:00:00.000Z				9548041.0
2008-01-19T00:00:00.000Z				1.103572E7
2008-01-20T00:00:00.000Z				1.2250224E7
2008-01-21T00:00:00.000Z				2683905.5
2008-01-22T00:00:00.000Z				8268432.5
2008-01-23T00:00:00.000Z				1.0560241E7
2008-01-24T00:00:00.000Z				1.1474667E7
2008-01-25T00:00:00.000Z				6928149.5
2008-01-26T00:00:00.000Z				1.3274774E7
2008-01-27T00:00:00.000Z				1.3627595E7
2008-01-28T00:00:00.000Z				7418422.0
2008-01-29T00:00:00.000Z				1.0467999E7
2008-01-30T00:00:00.000Z				1.266534E7
2008-01-31T00:00:00.000Z				6603735.5
2008-02-01T00:00:00.000Z				1.5326752E7
2008-02-02T00:00:00.000Z				1.4365488E7
2008-02-03T00:00:00.000Z				7016303.5
2008-02-04T00:00:00.000Z				1.2721039E7
2008-02-05T00:00:00.000Z				1615744.0
2008-02-06T00:00:00.000Z				1.244563E7
2008-02-07T00:00:00.000Z				1.1552315E7
2008-02-08T00:00:00.000Z				1.1578693E7
2008-02-09T00:00:00.000Z				1.5299999E7
2008-02-10T00:00:00.000Z				1.2693945E7
2008-02-11T00:00:00.000Z				3770131.8
2008-02-12T00:00:00.000Z				1.4202718E7
2008-02-13T00:00:00.000Z				1.5393216E7
2008-02-14T00:00:00.000Z				1.4279807E7
2008-02-15T00:00:00.000Z				5782642.5
2008-02-16T00:00:00.000Z				-1572111.9
2008-02-17T00:00:00.000Z				7156146.0
2008-02-18T00:00:00.000Z				1.5114121E7
2008-02-19T00:00:00.000Z				1.5773114E7
2008-02-20T00:00:00.000Z				1.0036648E7
2008-02-21T00:00:00.000Z				729417.56
2008-02-22T00:00:00.000Z				1.3527468E7
2008-02-23T00:00:00.000Z				7862980.5
2008-02-24T00:00:00.000Z				1.7083622E7
2008-02-25T00:00:00.000Z				1.1528536E7
2008-02-26T00:00:00.000Z				1.7269656E7
2008-02-27T00:00:00.000Z				1.772676E7
2008-02-28T00:00:00.000Z				1.2169155E7
2008-02-29T00:00:00.000Z				1.6258315E7
2008-03-01T00:00:00.000Z				1.8154274E7
2008-03-02T00:00:00.000Z				8675565.0
2008-03-03T00:00:00.000Z				1912572.9
2008-03-04T00:00:00.000Z				1.8114822E7
2008-03-05T00:00:00.000Z				1.5310683E7
2008-03-06T00:00:00.000Z				9058688.0
2008-03-07T00:00:00.000Z				1.4816406E7
2008-03-08T00:00:00.000Z				1.7282622E7
2008-03-09T00:00:00.000Z				1.807545E7
2008-03-10T00:00:00.000Z				1.9680504E7
2008-03-11T00:00:00.000Z				1.979589E7
2008-03-12T00:00:00.000Z				2.1018932E7
2008-03-13T00:00:00.000Z				1.3112136E7
2008-03-14T00:00:00.000Z				1.5840543E7
2008-03-15T00:00:00.000Z				1.5138222E7
2008-03-16T00:00:00.000Z				1.2144994E7
2008-03-17T00:00:00.000Z				2140021.5
2008-03-18T00:00:00.000Z				5840924.5
2008-03-19T00:00:00.000Z				2.1286578E7
2008-03-20T00:00:00.000Z				2.2394112E7
2008-03-21T00:00:00.000Z				2.1473344E7
2008-03-22T00:00:00.000Z				1.8895616E7
2008-03-23T00:00:00.000Z				2.0168586E7
2008-03-24T00:00:00.000Z				2.1242742E7
2008-03-25T00:00:00.000Z				2.0403472E7
2008-03-26T00:00:00.000Z				9337989.0
2008-03-27T00:00:00.000Z				1.5156941E7
2008-03-28T00:00:00.000Z				1.5519791E7
2008-03-29T00:00:00.000Z				1.1561259E7
2008-03-30T00:00:00.000Z				8769863.0
2008-03-31T00:00:00.000Z				1.3791247E7
2008-04-01T00:00:00.000Z				2.0853544E7
2008-04-02T00:00:00.000Z				1.3871947E7
2008-04-03T00:00:00.000Z				6892192.5
2008-04-04T00:00:00.000Z				2.1771042E7
2008-04-05T00:00:00.000Z				2.3116024E7
2008-04-06T00:00:00.000Z				2.0881666E7
2008-04-07T00:00:00.000Z				1.6959898E7
2008-04-08T00:00:00.000Z				1.1507157E7
2008-04-09T00:00:00.000Z				1.1205712E7
2008-04-10T00:00:00.000Z				1.7272626E7
2008-04-11T00:00:00.000Z				1.7250426E7
2008-04-12T00:00:00.000Z				2.053898E7
2008-04-13T00:00:00.000Z				2.1122066E7
2008-04-14T00:00:00.000Z				2.5496772E7
2008-04-15T00:00:00.000Z				2.5011366E7
2008-04-16T00:00:00.000Z				2.0643632E7
2008-04-17T00:00:00.000Z				4433560.5
2008-04-18T00:00:00.000Z				1.6808742E7
2008-04-19T00:00:00.000Z				2.5037768E7
2008-04-20T00:00:00.000Z				2.0757864E7
2008-04-21T00:00:00.000Z				1.4707675E7
2008-04-22T00:00:00.000Z				1.8643404E7
2008-04-23T00:00:00.000Z				1.2420724E7
2008-04-24T00:00:00.000Z				1.5319713E7
2008-04-25T00:00:00.000Z				1.8803368E7
2008-04-26T00:00:00.000Z				2.3030332E7
2008-04-27T00:00:00.000Z				1.9659358E7
2008-04-28T00:00:00.000Z				2.6510922E7
2008-04-29T00:00:00.000Z				2.6184192E7
2008-04-30T00:00:00.000Z				2.6236458E7
2008-05-01T00:00:00.000Z				2.1013842E7
2008-05-02T00:00:00.000Z				2.584799E7
2008-05-03T00:00:00.000Z				2.6428756E7
2008-05-04T00:00:00.000Z				2.6402242E7
2008-05-05T00:00:00.000Z				2.0844746E7
2008-05-06T00:00:00.000Z				1.035582E7
2008-05-07T00:00:00.000Z				6756177.5
2008-05-08T00:00:00.000Z				2.1229858E7
2008-05-09T00:00:00.000Z				2.3469104E7
2008-05-10T00:00:00.000Z				1.7639802E7
2008-05-11T00:00:00.000Z				2.910777E7
2008-05-12T00:00:00.000Z				2.6427808E7
2008-05-13T00:00:00.000Z				1.3227575E7
2008-05-14T00:00:00.000Z				1.7940646E7
2008-05-15T00:00:00.000Z				2.0706204E7
2008-05-16T00:00:00.000Z				2.7617988E7
2008-05-17T00:00:00.000Z				2.736583E7
2008-05-18T00:00:00.000Z				2.8526764E7
2008-05-19T00:00:00.000Z				2.7862824E7
2008-05-20T00:00:00.000Z				2.5740744E7
2008-05-21T00:00:00.000Z				2.3733526E7
2008-05-22T00:00:00.000Z				1.3109645E7
2008-05-23T00:00:00.000Z				1.2657419E7
2008-05-24T00:00:00.000Z				1.8583444E7
2008-05-25T00:00:00.000Z				2.1547788E7
2008-05-26T00:00:00.000Z				2.1085078E7
2008-05-27T00:00:00.000Z				1.4433657E7
2008-05-28T00:00:00.000Z				1.6946582E7
2008-05-29T00:00:00.000Z				2.5715238E7
2008-05-30T00:00:00.000Z				2.7299444E7
2008-05-31T00:00:00.000Z				2.3939434E7
2008-06-01T00:00:00.000Z				2.2039974E7
2008-06-02T00:00:00.000Z				2.4917474E7
2008-06-03T00:00:00.000Z				2.6321138E7
2008-06-04T00:00:00.000Z				2.6374212E7
2008-06-05T00:00:00.000Z				1.901553E7
2008-06-06T00:00:00.000Z				2.4513236E7
2008-06-07T00:00:00.000Z				2.1127892E7
2008-06-08T00:00:00.000Z				1.9299978E7
2008-06-09T00:00:00.000Z				7245847.0
2008-06-10T00:00:00.000Z				2.6699086E7
2008-06-11T00:00:00.000Z				2.5283576E7
2008-06-12T00:00:00.000Z				2.2955868E7
2008-06-13T00:00:00.000Z				2.18248E7
2008-06-14T00:00:00.000Z				2.6123254E7
2008-06-15T00:00:00.000Z				2.4419012E7
2008-06-16T00:00:00.000Z				1.762906E7
2008-06-17T00:00:00.000Z				1.8524518E7
2008-06-18T00:00:00.000Z				2.529632E7
2008-06-19T00:00:00.000Z				2.04714E7
2008-06-20T00:00:00.000Z				2.6978566E7
2008-06-21T00:00:00.000Z				2.583791E7
2008-06-22T00:00:00.000Z				2.7597246E7
2008-06-23T00:00:00.000Z				2.7221452E7
2008-06-24T00:00:00.000Z				2.575901E7
2008-06-25T00:00:00.000Z				2.5113474E7
2008-06-26T00:00:00.000Z				2.6781396E7
2008-06-27T00:00:00.000Z				2.4938298E7
2008-06-28T00:00:00.000Z				2.3952934E7
2008-06-29T00:00:00.000Z				3.0271724E7
2008-06-30T00:00:00.000Z				3.0049058E7
2008-07-01T00:00:00.000Z				2.7926622E7
2008-07-02T00:00:00.000Z				2.7391982E7
2008-07-03T00:00:00.000Z				2.318102E7
2008-07-04T00:00:00.000Z				2.4511832E7
2008-07-05T00:00:00.000Z				2.649506E7
2008-07-06T00:00:00.000Z				2.676041E7
2008-07-07T00:00:00.000Z				2.5958128E7
2008-07-08T00:00:00.000Z				1.9629402E7
2008-07-09T00:00:00.000Z				1.4137441E7
2008-07-10T00:00:00.000Z				1.987179E7
2008-07-11T00:00:00.000Z				2.1945438E7
2008-07-12T00:00:00.000Z				1.691286E7
2008-07-13T00:00:00.000Z				2.3863446E7
2008-07-14T00:00:00.000Z				2.9521642E7
2008-07-15T00:00:00.000Z				2.7341632E7
2008-07-16T00:00:00.000Z				2.5648846E7
2008-07-17T00:00:00.000Z				2.521154E7
2008-07-18T00:00:00.000Z				2.5135028E7
2008-07-19T00:00:00.000Z				2.3777426E7
2008-07-20T00:00:00.000Z				2.6540902E7
2008-07-21T00:00:00.000Z				2.6406426E7
2008-07-22T00:00:00.000Z				2.653952E7
2008-07-23T00:00:00.000Z				2.6096294E7
2008-07-24T00:00:00.000Z				2.4006428E7
2008-07-25T00:00:00.000Z				2.437709E7
2008-07-26T00:00:00.000Z				2.6367812E7
2008-07-27T00:00:00.000Z				2.4204724E7
2008-07-28T00:00:00.000Z				2.3337698E7
2008-07-29T00:00:00.000Z				1.2566816E7
2008-07-30T00:00:00.000Z				1.7980988E7
2008-07-31T00:00:00.000Z				2.4460342E7
2008-08-01T00:00:00.000Z				2.5422352E7
2008-08-02T00:00:00.000Z				2.5366946E7
2008-08-03T00:00:00.000Z				2.6715316E7
2008-08-04T00:00:00.000Z				2.7412018E7
2008-08-05T00:00:00.000Z				2.5909824E7
2008-08-06T00:00:00.000Z				2.381747E7
2008-08-07T00:00:00.000Z				1.7820828E7
2008-08-08T00:00:00.000Z				1.6801566E7
2008-08-09T00:00:00.000Z				8753701.0
2008-08-10T00:00:00.000Z				1.2298132E7
2008-08-11T00:00:00.000Z				1.1901612E7
2008-08-12T00:00:00.000Z				2.1192974E7
2008-08-13T00:00:00.000Z				2.4061352E7
2008-08-14T00:00:00.000Z				2.1739768E7
2008-08-15T00:00:00.000Z				1.6854952E7
2008-08-16T00:00:00.000Z				2.033884E7
2008-08-17T00:00:00.000Z				2.0599426E7
2008-08-18T00:00:00.000Z				1.6618849E7
2008-08-19T00:00:00.000Z				1.2138246E7
2008-08-20T00:00:00.000Z				1.0829233E7
2008-08-21T00:00:00.000Z				1.773426E7
2008-08-22T00:00:00.000Z				2.1285254E7
2008-08-23T00:00:00.000Z				2.1318E7
2008-08-24T00:00:00.000Z				2.0681442E7
2008-08-25T00:00:00.000Z				2.2652158E7
2008-08-26T00:00:00.000Z				2.289154E7
2008-08-27T00:00:00.000Z				2.125076E7
2008-08-28T00:00:00.000Z				2.256787E7
2008-08-29T00:00:00.000Z				1.9759406E7
2008-08-30T00:00:00.000Z				1.9061934E7
2008-08-31T00:00:00.000Z				2.1240168E7
2008-09-01T00:00:00.000Z				2.3657876E7
2008-09-02T00:00:00.000Z				1.2469254E7
2008-09-03T00:00:00.000Z				6263921.5
2008-09-04T00:00:00.000Z				1.6287047E7
2008-09-05T00:00:00.000Z				1.9001144E7
2008-09-06T00:00:00.000Z				1.6128008E7
2008-09-07T00:00:00.000Z				1.895764E7
2008-09-08T00:00:00.000Z				1.4712318E7
2008-09-09T00:00:00.000Z				1.5225762E7
2008-09-10T00:00:00.000Z				1.152026E7
2008-09-11T00:00:00.000Z				3999512.8
2008-09-12T00:00:00.000Z				1.3042061E7
2008-09-13T00:00:00.000Z				1605216.1
2008-09-14T00:00:00.000Z				1.8804568E7
2008-09-15T00:00:00.000Z				2.3495068E7
2008-09-16T00:00:00.000Z				2.2910828E7
2008-09-17T00:00:00.000Z				2.2543614E7
2008-09-18T00:00:00.000Z				1.9809692E7
2008-09-19T00:00:00.000Z				1.8865696E7
2008-09-20T00:00:00.000Z				2.0541324E7
2008-09-21T00:00:00.000Z				2.018282E7
2008-09-22T00:00:00.000Z				1.9564016E7
2008-09-23T00:00:00.000Z				1.9141E7
2008-09-24T00:00:00.000Z				1.8709208E7
2008-09-25T00:00:00.000Z				1.9364892E7
2008-09-26T00:00:00.000Z				2.0080216E7
2008-09-27T00:00:00.000Z				2.0128562E7
2008-09-28T00:00:00.000Z				1.9365454E7
2008-09-29T00:00:00.000Z				1.8242602E7
2008-09-30T00:00:00.000Z				2.0678328E7
2008-10-01T00:00:00.000Z				1.973675E7
2008-10-02T00:00:00.000Z				1.92758E7
2008-10-03T00:00:00.000Z				1.6786936E7
2008-10-04T00:00:00.000Z				1.6525588E7
2008-10-05T00:00:00.000Z				1.6355711E7
2008-10-06T00:00:00.000Z				6278541.5
2008-10-07T00:00:00.000Z				1.2501284E7
2008-10-08T00:00:00.000Z				1.8510416E7
2008-10-09T00:00:00.000Z				1.8221324E7
2008-10-10T00:00:00.000Z				1.6641716E7
2008-10-11T00:00:00.000Z				1.5852374E7
2008-10-12T00:00:00.000Z				8895275.0
2008-10-13T00:00:00.000Z				6628552.5
2008-10-14T00:00:00.000Z				3822196.5
2008-10-15T00:00:00.000Z				7280657.0
2008-10-16T00:00:00.000Z				1.6951784E7
2008-10-17T00:00:00.000Z				1.5828565E7
2008-10-18T00:00:00.000Z				1.6063306E7
2008-10-19T00:00:00.000Z				1.7405156E7
2008-10-20T00:00:00.000Z				1.3408973E7
2008-10-21T00:00:00.000Z				6727329.0
2008-10-22T00:00:00.000Z				3055779.2
2008-10-23T00:00:00.000Z				1.0794557E7
2008-10-24T00:00:00.000Z				1.2210725E7
2008-10-25T00:00:00.000Z				1.5979748E7
2008-10-26T00:00:00.000Z				1.4892726E7
2008-10-27T00:00:00.000Z				1.6920426E7
2008-10-28T00:00:00.000Z				1.5319338E7
2008-10-29T00:00:00.000Z				1.524989E7
2008-10-30T00:00:00.000Z				1.5358982E7
2008-10-31T00:00:00.000Z				1.4223551E7
2008-11-01T00:00:00.000Z				1.5305069E7
2008-11-02T00:00:00.000Z				1.4641884E7
2008-11-03T00:00:00.000Z				1.4451702E7
2008-11-04T00:00:00.000Z				1.2131602E7
2008-11-05T00:00:00.000Z				7224074.0
2008-11-06T00:00:00.000Z				1.5053293E7
2008-11-07T00:00:00.000Z				1.3039242E7
2008-11-08T00:00:00.000Z				1.2689366E7
2008-11-09T00:00:00.000Z				1.1713993E7
2008-11-10T00:00:00.000Z				1435934.2
2008-11-11T00:00:00.000Z				6732822.5
2008-11-12T00:00:00.000Z				1.0479524E7
2008-11-13T00:00:00.000Z				1.1709362E7
2008-11-14T00:00:00.000Z				8682008.0
2008-11-15T00:00:00.000Z				1.2259355E7
2008-11-16T00:00:00.000Z				1.2336881E7
2008-11-17T00:00:00.000Z				1.1321502E7
2008-11-18T00:00:00.000Z				1.175814E7
2008-11-19T00:00:00.000Z				1.3408633E7
2008-11-20T00:00:00.000Z				1.0133809E7
2008-11-21T00:00:00.000Z				1.2575409E7
2008-11-22T00:00:00.000Z				1.1307824E7
2008-11-23T00:00:00.000Z				4819499.5
2008-11-24T00:00:00.000Z				1.2981297E7
2008-11-25T00:00:00.000Z				1.2669947E7
2008-11-26T00:00:00.000Z				1.1940887E7
2008-11-27T00:00:00.000Z				9493876.0
2008-11-28T00:00:00.000Z				5156632.0
2008-11-29T00:00:00.000Z				4900876.5
2008-11-30T00:00:00.000Z				5590691.0
2008-12-01T00:00:00.000Z				1.0890746E7
2008-12-02T00:00:00.000Z				1.0756348E7
2008-12-03T00:00:00.000Z				6637337.0
2008-12-04T00:00:00.000Z				8365161.5
2008-12-05T00:00:00.000Z				1.0311716E7
2008-12-06T00:00:00.000Z				9307082.0
2008-12-07T00:00:00.000Z				1.0503667E7
2008-12-08T00:00:00.000Z				4236602.0
2008-12-09T00:00:00.000Z				896904.75
2008-12-10T00:00:00.000Z				1.0783817E7
2008-12-11T00:00:00.000Z				9398530.0
2008-12-12T00:00:00.000Z				1.0267936E7
2008-12-13T00:00:00.000Z				7900881.0
2008-12-14T00:00:00.000Z				7528286.5
2008-12-15T00:00:00.000Z				4142036.5
2008-12-16T00:00:00.000Z				1646599.0
2008-12-17T00:00:00.000Z				5234885.0
2008-12-18T00:00:00.000Z				117996.586
2008-12-19T00:00:00.000Z				9343256.0
2008-12-20T00:00:00.000Z				7100287.5
2008-12-21T00:00:00.000Z				9084956.0
2008-12-22T00:00:00.000Z				5553617.0
2008-12-23T00:00:00.000Z				-760428.44
2008-12-24T00:00:00.000Z				8175918.0
2008-12-25T00:00:00.000Z				5659471.0
2008-12-26T00:00:00.000Z				4711581.0
2008-12-27T00:00:00.000Z				4648152.5
2008-12-28T00:00:00.000Z				1.1019501E7
2008-12-29T00:00:00.000Z				1.1814472E7
2008-12-30T00:00:00.000Z				1.1673987E7
2008-12-31T00:00:00.000Z				1.0970734E7
2009-01-01T00:00:00.000Z				9718788.0
2009-01-02T00:00:00.000Z				9681554.0
2009-01-03T00:00:00.000Z				8680636.0
2009-01-04T00:00:00.000Z				7765435.5
2009-01-05T00:00:00.000Z				6534851.5
2009-01-06T00:00:00.000Z				7961176.0
2009-01-07T00:00:00.000Z				1.0590742E7
2009-01-08T00:00:00.000Z				1.0227767E7
2009-01-09T00:00:00.000Z				9864574.0
2009-01-10T00:00:00.000Z				9484043.0
2009-01-11T00:00:00.000Z				1.1519458E7
2009-01-12T00:00:00.000Z				7252209.0
2009-01-13T00:00:00.000Z				1.1955315E7
2009-01-14T00:00:00.000Z				9108424.0
2009-01-15T00:00:00.000Z				8173250.0
2009-01-16T00:00:00.000Z				9355148.0
2009-01-17T00:00:00.000Z				1.1786994E7
2009-01-18T00:00:00.000Z				1.2681674E7
2009-01-19T00:00:00.000Z				1.1464559E7
2009-01-20T00:00:00.000Z				1.3073614E7
2009-01-21T00:00:00.000Z				1.3744547E7
2009-01-22T00:00:00.000Z				1.4564348E7
2009-01-23T00:00:00.000Z				5289663.5
2009-01-24T00:00:00.000Z				9909869.0
2009-01-25T00:00:00.000Z				7071113.5
2009-01-26T00:00:00.000Z				-609122.3
2009-01-27T00:00:00.000Z				449687.22
2009-01-28T00:00:00.000Z				1.3662912E7
2009-01-29T00:00:00.000Z				1.3169543E7
2009-01-30T00:00:00.000Z				1.4083667E7
2009-01-31T00:00:00.000Z				1.5548381E7
2009-02-01T00:00:00.000Z				1.2872001E7
2009-02-02T00:00:00.000Z				1.2602857E7
2009-02-03T00:00:00.000Z				1.1749838E7
2009-02-04T00:00:00.000Z				1.3434728E7
2009-02-05T00:00:00.000Z				1.5807794E7
2009-02-06T00:00:00.000Z				1.4324668E7
2009-02-07T00:00:00.000Z				1.1118486E7
2009-02-08T00:00:00.000Z				2864172.2
2009-02-09T00:00:00.000Z				1.2617329E7
2009-02-10T00:00:00.000Z				1.0094933E7
2009-02-11T00:00:00.000Z				1.3393794E7
2009-02-12T00:00:00.000Z				1.1631363E7
2009-02-13T00:00:00.000Z				1.1531568E7
2009-02-14T00:00:00.000Z				1.263542E7
2009-02-15T00:00:00.000Z				1.3689071E7
2009-02-16T00:00:00.000Z				1.3207201E7
2009-02-17T00:00:00.000Z				1.0035158E7
2009-02-18T00:00:00.000Z				1.4567674E7
2009-02-19T00:00:00.000Z				1.6684239E7
2009-02-20T00:00:00.000Z				1.7413464E7
2009-02-21T00:00:00.000Z				1.7230644E7
2009-02-22T00:00:00.000Z				1.6578721E7
2009-02-23T00:00:00.000Z				1.5866153E7
2009-02-24T00:00:00.000Z				1.2483195E7
2009-02-25T00:00:00.000Z				1.4308579E7
2009-02-26T00:00:00.000Z				1.0359903E7
2009-02-27T00:00:00.000Z				1.2083229E7
2009-02-28T00:00:00.000Z				1.3125914E7
2009-03-01T00:00:00.000Z				1.7754432E7
2009-03-02T00:00:00.000Z				1.6836746E7
2009-03-03T00:00:00.000Z				1.6853202E7
2009-03-04T00:00:00.000Z				1.6806788E7
2009-03-05T00:00:00.000Z				1.753583E7
2009-03-06T00:00:00.000Z				1.819975E7
2009-03-07T00:00:00.000Z				9225469.0
2009-03-08T00:00:00.000Z				1.9320338E7
2009-03-09T00:00:00.000Z				6939478.0
2009-03-10T00:00:00.000Z				8742791.0
2009-03-11T00:00:00.000Z				1.3492234E7
2009-03-12T00:00:00.000Z				9862987.0
2009-03-13T00:00:00.000Z				1.2230441E7
2009-03-14T00:00:00.000Z				1.474971E7
2009-03-15T00:00:00.000Z				1.7880846E7
2009-03-16T00:00:00.000Z				2.0744144E7
2009-03-17T00:00:00.000Z				2.184464E7
2009-03-18T00:00:00.000Z				1.8202572E7
2009-03-19T00:00:00.000Z				1.4123986E7
2009-03-20T00:00:00.000Z				1.1492981E7
2009-03-21T00:00:00.000Z				1.4599987E7
2009-03-22T00:00:00.000Z				1.7345024E7
2009-03-23T00:00:00.000Z				9003293.0
2009-03-24T00:00:00.000Z				1.5386128E7
2009-03-25T00:00:00.000Z				1.5614531E7
2009-03-26T00:00:00.000Z				9623083.0
2009-03-27T00:00:00.000Z				1157723.8
2009-03-28T00:00:00.000Z				6472120.0
2009-03-29T00:00:00.000Z				2.3351186E7
2009-03-30T00:00:00.000Z				1.6804334E7
2009-03-31T00:00:00.000Z				2.234055E7
2009-04-01T00:00:00.000Z				1.7811796E7
2009-04-02T00:00:00.000Z				1.1341593E7
2009-04-03T00:00:00.000Z				2.2858266E7
2009-04-04T00:00:00.000Z				2.0529012E7
2009-04-05T00:00:00.000Z				1.4744752E7
2009-04-06T00:00:00.000Z				2.2705592E7
2009-04-07T00:00:00.000Z				2.5503882E7
2009-04-08T00:00:00.000Z				2.508917E7
2009-04-09T00:00:00.000Z				1.4838365E7
2009-04-10T00:00:00.000Z				1.5821083E7
2009-04-11T00:00:00.000Z				1.8747298E7
2009-04-12T00:00:00.000Z				1785483.4
2009-04-13T00:00:00.000Z				1.2636652E7
2009-04-14T00:00:00.000Z				2.3200978E7
2009-04-15T00:00:00.000Z				2.163418E7
2009-04-16T00:00:00.000Z				1.6972846E7
2009-04-17T00:00:00.000Z				1.0811345E7
2009-04-18T00:00:00.000Z				1.713228E7
2009-04-19T00:00:00.000Z				1.6089215E7
2009-04-20T00:00:00.000Z				2.3388296E7
2009-04-21T00:00:00.000Z				2.306242E7
2009-04-22T00:00:00.000Z				2.4444982E7
2009-04-23T00:00:00.000Z				2.4014504E7
2009-04-24T00:00:00.000Z				2.0942236E7
2009-04-25T00:00:00.000Z				1.0748267E7
2009-04-26T00:00:00.000Z				1.0270216E7
2009-04-27T00:00:00.000Z				8437980.0
2009-04-28T00:00:00.000Z				1.7969852E7
2009-04-29T00:00:00.000Z				5911070.5
2009-04-30T00:00:00.000Z				9502199.0
2009-05-01T00:00:00.000Z				7700066.5
2009-05-02T00:00:00.000Z				6567902.0
2009-05-03T00:00:00.000Z				1.1706092E7
2009-05-04T00:00:00.000Z				1.7187342E7
2009-05-05T00:00:00.000Z				1.3034683E7
2009-05-06T00:00:00.000Z				2.0844204E7
2009-05-07T00:00:00.000Z				2.1230456E7
2009-05-08T00:00:00.000Z				1.8276722E7
2009-05-09T00:00:00.000Z				1.6022418E7
2009-05-10T00:00:00.000Z				4483119.5
2009-05-11T00:00:00.000Z				1.5271523E7
2009-05-12T00:00:00.000Z				8043965.5
2009-05-13T00:00:00.000Z				1.9667946E7
2009-05-14T00:00:00.000Z				1.819729E7
2009-05-15T00:00:00.000Z				2.0433334E7
2009-05-16T00:00:00.000Z				1.5981126E7
2009-05-17T00:00:00.000Z				2.7575704E7
2009-05-18T00:00:00.000Z				2.7570434E7
2009-05-19T00:00:00.000Z				2.883566E7
2009-05-20T00:00:00.000Z				2.9195012E7
2009-05-21T00:00:00.000Z				2.7758236E7
2009-05-22T00:00:00.000Z				2.60996E7
2009-05-23T00:00:00.000Z				2.285787E7
2009-05-24T00:00:00.000Z				1.901867E7
2009-05-25T00:00:00.000Z				1.891187E7
2009-05-26T00:00:00.000Z				2.2289574E7
2009-05-27T00:00:00.000Z				1.8018036E7
2009-05-28T00:00:00.000Z				2.5849952E7
2009-05-29T00:00:00.000Z				3.0066864E7
2009-05-30T00:00:00.000Z				2.9953426E7
2009-05-31T00:00:00.000Z				2.8127196E7
2009-06-01T00:00:00.000Z				2.6171402E7
2009-06-02T00:00:00.000Z				2.097913E7
2009-06-03T00:00:00.000Z				1.5948743E7
2009-06-04T00:00:00.000Z				2.5660252E7
2009-06-05T00:00:00.000Z				2.6429282E7
2009-06-06T00:00:00.000Z				2.3232924E7
2009-06-07T00:00:00.000Z				2.2361768E7
2009-06-08T00:00:00.000Z				2.4011026E7
2009-06-09T00:00:00.000Z				2.0109278E7
2009-06-10T00:00:00.000Z				1.6448406E7
2009-06-11T00:00:00.000Z				2.0620336E7
2009-06-12T00:00:00.000Z				1.988565E7
2009-06-13T00:00:00.000Z				2.505118E7
2009-06-14T00:00:00.000Z				1.8156984E7
2009-06-15T00:00:00.000Z				2.1606878E7
2009-06-16T00:00:00.000Z				2.6645256E7
2009-06-17T00:00:00.000Z				2.8386896E7
2009-06-18T00:00:00.000Z				2.6306028E7
2009-06-19T00:00:00.000Z				2.417688E7
2009-06-20T00:00:00.000Z				1.3700493E7
2009-06-21T00:00:00.000Z				2.4432624E7
2009-06-22T00:00:00.000Z				2.6091512E7
2009-06-23T00:00:00.000Z				2.6772914E7
2009-06-24T00:00:00.000Z				2.777947E7
2009-06-25T00:00:00.000Z				2.8688794E7
2009-06-26T00:00:00.000Z				2.9518926E7
2009-06-27T00:00:00.000Z				2.7160316E7
2009-06-28T00:00:00.000Z				2.269534E7
2009-06-29T00:00:00.000Z				2.6122022E7
2009-06-30T00:00:00.000Z				2.7673148E7
2009-07-01T00:00:00.000Z				2.8625462E7
2009-07-02T00:00:00.000Z				2.6180024E7
2009-07-03T00:00:00.000Z				2.6938728E7
2009-07-04T00:00:00.000Z				1.63506E7
2009-07-05T00:00:00.000Z				1.806553E7
2009-07-06T00:00:00.000Z				2.4153522E7
2009-07-07T00:00:00.000Z				2.5072948E7
2009-07-08T00:00:00.000Z				2.5308234E7
2009-07-09T00:00:00.000Z				2.5074028E7
2009-07-10T00:00:00.000Z				2.6247198E7
2009-07-11T00:00:00.000Z				2.638129E7
2009-07-12T00:00:00.000Z				2.4570384E7
2009-07-13T00:00:00.000Z				2.4790514E7
2009-07-14T00:00:00.000Z				2.687862E7
2009-07-15T00:00:00.000Z				2.2993668E7
2009-07-16T00:00:00.000Z				2.2662268E7
2009-07-17T00:00:00.000Z				2.6008146E7
2009-07-18T00:00:00.000Z				2.4708786E7
2009-07-19T00:00:00.000Z				2.6382802E7
2009-07-20T00:00:00.000Z				2.192811E7
2009-07-21T00:00:00.000Z				2.0968702E7
2009-07-22T00:00:00.000Z				2.699254E7
2009-07-23T00:00:00.000Z				2.5602256E7
2009-07-24T00:00:00.000Z				2.6888498E7
2009-07-25T00:00:00.000Z				2.0998598E7
2009-07-26T00:00:00.000Z				1.4965302E7
2009-07-27T00:00:00.000Z				1.7540932E7
2009-07-28T00:00:00.000Z				2.3168066E7
2009-07-29T00:00:00.000Z				1.0481592E7
2009-07-30T00:00:00.000Z				1.3659235E7
2009-07-31T00:00:00.000Z				2.361799E7
2009-08-01T00:00:00.000Z				1.8615058E7
2009-08-02T00:00:00.000Z				2.7289248E7
2009-08-03T00:00:00.000Z				2.3985644E7
2009-08-04T00:00:00.000Z				2.534296E7
2009-08-05T00:00:00.000Z				2.389418E7
2009-08-06T00:00:00.000Z				2.0084022E7
2009-08-07T00:00:00.000Z				2.3774368E7
2009-08-08T00:00:00.000Z				2.5290662E7
2009-08-09T00:00:00.000Z				2.292319E7
2009-08-10T00:00:00.000Z				2.1474728E7
2009-08-11T00:00:00.000Z				2.2308406E7
2009-08-12T00:00:00.000Z				2.5874496E7
2009-08-13T00:00:00.000Z				2.5330096E7
2009-08-14T00:00:00.000Z				2.5365434E7
2009-08-15T00:00:00.000Z				1.7374888E7
2009-08-16T00:00:00.000Z				2.01345E7
2009-08-17T00:00:00.000Z				2.1028592E7
2009-08-18T00:00:00.000Z				1.4158476E7
2009-08-19T00:00:00.000Z				1.9039972E7
2009-08-20T00:00:00.000Z				1.9691416E7
2009-08-21T00:00:00.000Z				2.468519E7
2009-08-22T00:00:00.000Z				2.36795E7
2009-08-23T00:00:00.000Z				2.2951036E7
2009-08-24T00:00:00.000Z				2.2413006E7
2009-08-25T00:00:00.000Z				2.1454784E7
2009-08-26T00:00:00.000Z				1.863373E7
2009-08-27T00:00:00.000Z				1.588904E7
2009-08-28T00:00:00.000Z				2.1940116E7
2009-08-29T00:00:00.000Z				2.206876E7
2009-08-30T00:00:00.000Z				2.2241196E7
2009-08-31T00:00:00.000Z				2.1024362E7
2009-09-01T00:00:00.000Z				1.8565226E7
2009-09-02T00:00:00.000Z				1.8560856E7
2009-09-03T00:00:00.000Z				1.7833656E7
2009-09-04T00:00:00.000Z				1.4463079E7
2009-09-05T00:00:00.000Z				1.5913477E7
2009-09-06T00:00:00.000Z				1.9022292E7
2009-09-07T00:00:00.000Z				2.0243714E7
2009-09-08T00:00:00.000Z				1.7526484E7
2009-09-09T00:00:00.000Z				1.4302733E7
2009-09-10T00:00:00.000Z				1.2032698E7
2009-09-11T00:00:00.000Z				1.4932644E7
2009-09-12T00:00:00.000Z				1.2501917E7
2009-09-13T00:00:00.000Z				7502516.0
2009-09-14T00:00:00.000Z				1.2024514E7
2009-09-15T00:00:00.000Z				1.1093835E7
2009-09-16T00:00:00.000Z				6479778.5
2009-09-17T00:00:00.000Z				1.461554E7
2009-09-18T00:00:00.000Z				1.5883233E7
2009-09-19T00:00:00.000Z				1.5675833E7
2009-09-20T00:00:00.000Z				1.7327314E7
2009-09-21T00:00:00.000Z				8744520.0
2009-09-22T00:00:00.000Z				1.3776912E7
2009-09-23T00:00:00.000Z				1.7562742E7
2009-09-24T00:00:00.000Z				1.4248747E7
2009-09-25T00:00:00.000Z				1.8247442E7
2009-09-26T00:00:00.000Z				1.8711576E7
2009-09-27T00:00:00.000Z				2.0247094E7
2009-09-28T00:00:00.000Z				2.0650526E7
2009-09-29T00:00:00.000Z				1.9966582E7
2009-09-30T00:00:00.000Z				1.6172883E7
2009-10-01T00:00:00.000Z				1.4522596E7
2009-10-02T00:00:00.000Z				2.0105714E7
2009-10-03T00:00:00.000Z				1.7361736E7
2009-10-04T00:00:00.000Z				9314196.0
2009-10-05T00:00:00.000Z				8658789.0
2009-10-06T00:00:00.000Z				1.0050771E7
2009-10-07T00:00:00.000Z				1.1377922E7
2009-10-08T00:00:00.000Z				-330543.56
2009-10-09T00:00:00.000Z				9495356.0
2009-10-10T00:00:00.000Z				1.4001652E7
2009-10-11T00:00:00.000Z				7928981.0
2009-10-12T00:00:00.000Z				8358283.0
2009-10-13T00:00:00.000Z				-850372.8
2009-10-14T00:00:00.000Z				3836034.0
2009-10-15T00:00:00.000Z				1.2656466E7
2009-10-16T00:00:00.000Z				1.4524205E7
2009-10-17T00:00:00.000Z				1.5863325E7
2009-10-18T00:00:00.000Z				1.5931807E7
2009-10-19T00:00:00.000Z				1.5870039E7
2009-10-20T00:00:00.000Z				1.4291671E7
2009-10-21T00:00:00.000Z				942706.06
2009-10-22T00:00:00.000Z				4647447.0
2009-10-23T00:00:00.000Z				9156478.0
2009-10-24T00:00:00.000Z				1.4638773E7
2009-10-25T00:00:00.000Z				7158933.0
2009-10-26T00:00:00.000Z				9433233.0
2009-10-27T00:00:00.000Z				1.1323376E7
2009-10-28T00:00:00.000Z				1.1947759E7
2009-10-29T00:00:00.000Z				2136144.2
2009-10-30T00:00:00.000Z				1.1920976E7
2009-10-31T00:00:00.000Z				1.4202353E7
2009-11-01T00:00:00.000Z				1.5170113E7
2009-11-02T00:00:00.000Z				1.3510095E7
2009-11-03T00:00:00.000Z				1.304303E7
2009-11-04T00:00:00.000Z				1.2944963E7
2009-11-05T00:00:00.000Z				1.323905E7
2009-11-06T00:00:00.000Z				1.4595749E7
2009-11-07T00:00:00.000Z				1.5404446E7
2009-11-08T00:00:00.000Z				1.0831436E7
2009-11-09T00:00:00.000Z				7082288.0
2009-11-10T00:00:00.000Z				7001477.5
2009-11-11T00:00:00.000Z				9770640.0
2009-11-12T00:00:00.000Z				8511694.0
2009-11-13T00:00:00.000Z				9573089.0
2009-11-14T00:00:00.000Z				4256947.5
2009-11-15T00:00:00.000Z				-921531.44
2009-11-16T00:00:00.000Z				4033435.2
2009-11-17T00:00:00.000Z				5124365.0
2009-11-18T00:00:00.000Z				9482199.0
2009-11-19T00:00:00.000Z				1.1194965E7
2009-11-20T00:00:00.000Z				3777465.2
2009-11-21T00:00:00.000Z				4672848.0
2009-11-22T00:00:00.000Z				8040689.5
2009-11-23T00:00:00.000Z				8712881.0
2009-11-24T00:00:00.000Z				9872153.0
2009-11-25T00:00:00.000Z				1.0935863E7
2009-11-26T00:00:00.000Z				1.2310559E7
2009-11-27T00:00:00.000Z				1.3025772E7
2009-11-28T00:00:00.000Z				9592385.0
2009-11-29T00:00:00.000Z				1339785.9
2009-11-30T00:00:00.000Z				1.1171209E7
2009-12-01T00:00:00.000Z				7862028.0
2009-12-02T00:00:00.000Z				4248559.0
2009-12-03T00:00:00.000Z				9481702.0
2009-12-04T00:00:00.000Z				1.0372151E7
2009-12-05T00:00:00.000Z				1.0572379E7
2009-12-06T00:00:00.000Z				3119006.5
2009-12-07T00:00:00.000Z				5720060.0
2009-12-08T00:00:00.000Z				-2145742.0
2009-12-09T00:00:00.000Z				8756039.0
2009-12-10T00:00:00.000Z				1.0888148E7
2009-12-11T00:00:00.000Z				9037992.0
2009-12-12T00:00:00.000Z				2273274.5
2009-12-13T00:00:00.000Z				8604531.0
2009-12-14T00:00:00.000Z				6788361.0
2009-12-15T00:00:00.000Z				9170063.0
2009-12-16T00:00:00.000Z				9775317.0
2009-12-17T00:00:00.000Z				8602893.0
2009-12-18T00:00:00.000Z				7657190.5
2009-12-19T00:00:00.000Z				8106275.5
2009-12-20T00:00:00.000Z				1.0270291E7
2009-12-21T00:00:00.000Z				9385664.0
2009-12-22T00:00:00.000Z				2147505.8
2009-12-23T00:00:00.000Z				2160123.8
2009-12-24T00:00:00.000Z				-4462551.5
2009-12-25T00:00:00.000Z				1.1859568E7
2009-12-26T00:00:00.000Z				8980173.0
2009-12-27T00:00:00.000Z				1.0234024E7
2009-12-28T00:00:00.000Z				1.1971011E7
2009-12-29T00:00:00.000Z				7167128.0
2009-12-30T00:00:00.000Z				3801905.2
2009-12-31T00:00:00.000Z				7558274.5
2010-01-01T00:00:00.000Z				1.1966781E7
2010-01-02T00:00:00.000Z				6697131.0
2010-01-03T00:00:00.000Z				6945123.5
2010-01-04T00:00:00.000Z				1.1168603E7
2010-01-05T00:00:00.000Z				1.0860829E7
2010-01-06T00:00:00.000Z				6907802.5
2010-01-07T00:00:00.000Z				1.0246063E7
2010-01-08T00:00:00.000Z				1.0583073E7
2010-01-09T00:00:00.000Z				1.2091687E7
2010-01-10T00:00:00.000Z				1.3652025E7
2010-01-11T00:00:00.000Z				1.0411535E7
2010-01-12T00:00:00.000Z				1.3817752E7
2010-01-13T00:00:00.000Z				1.1652931E7
2010-01-14T00:00:00.000Z				2452414.2
2010-01-15T00:00:00.000Z				5760792.5
2010-01-16T00:00:00.000Z				5248401.0
2010-01-17T00:00:00.000Z				1.0131881E7
2010-01-18T00:00:00.000Z				8869730.0
2010-01-19T00:00:00.000Z				3682188.5
2010-01-20T00:00:00.000Z				8724784.0
2010-01-21T00:00:00.000Z				8028799.0
2010-01-22T00:00:00.000Z				9990827.0
2010-01-23T00:00:00.000Z				4686708.0
2010-01-24T00:00:00.000Z				1.026013E7
2010-01-25T00:00:00.000Z				1.2115264E7
2010-01-26T00:00:00.000Z				1.2792778E7
2010-01-27T00:00:00.000Z				7835228.0
2010-01-28T00:00:00.000Z				614932.8
2010-01-29T00:00:00.000Z				3404241.2
2010-01-30T00:00:00.000Z				1.3525623E7
2010-01-31T00:00:00.000Z				1.5734919E7
2010-02-01T00:00:00.000Z				9899589.0
2010-02-02T00:00:00.000Z				1.6503256E7
2010-02-03T00:00:00.000Z				1.146604E7
2010-02-04T00:00:00.000Z				3476125.2
2010-02-05T00:00:00.000Z				9570122.0
2010-02-06T00:00:00.000Z				9373980.0
2010-02-07T00:00:00.000Z				9462210.0
2010-02-08T00:00:00.000Z				2717006.8
2010-02-09T00:00:00.000Z				1.563326E7
2010-02-10T00:00:00.000Z				1.1549935E7
2010-02-11T00:00:00.000Z				1.0244033E7
2010-02-12T00:00:00.000Z				1.4067398E7
2010-02-13T00:00:00.000Z				1.4072902E7
2010-02-14T00:00:00.000Z				1.1513377E7
2010-02-15T00:00:00.000Z				1.4196624E7
2010-02-16T00:00:00.000Z				1.5180268E7
2010-02-17T00:00:00.000Z				1.772327E7
2010-02-18T00:00:00.000Z				1.5680253E7
2010-02-19T00:00:00.000Z				6037696.5
2010-02-20T00:00:00.000Z				5958487.0
2010-02-21T00:00:00.000Z				2288718.5
2010-02-22T00:00:00.000Z				1.3149366E7
2010-02-23T00:00:00.000Z				1.5291841E7
2010-02-24T00:00:00.000Z				1.7316586E7
2010-02-25T00:00:00.000Z				1.3194309E7
2010-02-26T00:00:00.000Z				1.4396163E7
2010-02-27T00:00:00.000Z				1.7367036E7
2010-02-28T00:00:00.000Z				1.3792906E7
2010-03-01T00:00:00.000Z				1.0069778E7
2010-03-02T00:00:00.000Z				1.6646028E7
2010-03-03T00:00:00.000Z				1.8717974E7
2010-03-04T00:00:00.000Z				1.7760512E7
2010-03-05T00:00:00.000Z				1.5150874E7
2010-03-06T00:00:00.000Z				1.2783589E7
2010-03-07T00:00:00.000Z				1.0387368E7
2010-03-08T00:00:00.000Z				4407968.0
2010-03-09T00:00:00.000Z				1.2669138E7
2010-03-10T00:00:00.000Z				1.4251185E7
2010-03-11T00:00:00.000Z				1.2546621E7
2010-03-12T00:00:00.000Z				1.2120902E7
2010-03-13T00:00:00.000Z				1.4521599E7
2010-03-14T00:00:00.000Z				1.2790131E7
2010-03-15T00:00:00.000Z				9927169.0
2010-03-16T00:00:00.000Z				1.2210472E7
2010-03-17T00:00:00.000Z				1.5844568E7
2010-03-18T00:00:00.000Z				2.1093184E7
2010-03-19T00:00:00.000Z				1.5399048E7
2010-03-20T00:00:00.000Z				6094782.5
2010-03-21T00:00:00.000Z				1.1163852E7
2010-03-22T00:00:00.000Z				2.3908144E7
2010-03-23T00:00:00.000Z				1.9876436E7
2010-03-24T00:00:00.000Z				5441345.0
2010-03-25T00:00:00.000Z				1.4545308E7
2010-03-26T00:00:00.000Z				2.1645562E7
2010-03-27T00:00:00.000Z				7726932.5
2010-03-28T00:00:00.000Z				1.8615814E7
2010-03-29T00:00:00.000Z				2.2968784E7
2010-03-30T00:00:00.000Z				2.3441448E7
2010-03-31T00:00:00.000Z				2.4687164E7
2010-04-01T00:00:00.000Z				1.998911E7
2010-04-02T00:00:00.000Z				1.4512241E7
2010-04-03T00:00:00.000Z				2.2642286E7
2010-04-04T00:00:00.000Z				1.8484088E7
2010-04-05T00:00:00.000Z				1.3633762E7
2010-04-06T00:00:00.000Z				1.6167507E7
2010-04-07T00:00:00.000Z				1.967763E7
2010-04-08T00:00:00.000Z				2.4007512E7
2010-04-09T00:00:00.000Z				2.492448E7
2010-04-10T00:00:00.000Z				2.3055656E7
2010-04-11T00:00:00.000Z				1.7243526E7
2010-04-12T00:00:00.000Z				1.7519342E7
2010-04-13T00:00:00.000Z				2.2410296E7
2010-04-14T00:00:00.000Z				2.1771444E7
2010-04-15T00:00:00.000Z				1.972313E7
2010-04-16T00:00:00.000Z				8414776.0
2010-04-17T00:00:00.000Z				1.2883557E7
2010-04-18T00:00:00.000Z				8162389.5
2010-04-19T00:00:00.000Z				2.153182E7
2010-04-20T00:00:00.000Z				2.1745352E7
2010-04-21T00:00:00.000Z				1.9322712E7
2010-04-22T00:00:00.000Z				1.1201522E7
2010-04-23T00:00:00.000Z				1.8617224E7
2010-04-24T00:00:00.000Z				1.9584344E7
2010-04-25T00:00:00.000Z				1.792363E7
2010-04-26T00:00:00.000Z				1.8451622E7
2010-04-27T00:00:00.000Z				2.4501202E7
2010-04-28T00:00:00.000Z				2.46367E7
2010-04-29T00:00:00.000Z				2.415413E7
2010-04-30T00:00:00.000Z				2.067933E7
2010-05-01T00:00:00.000Z				1.380488E7
2010-05-02T00:00:00.000Z				2.4817E7
2010-05-03T00:00:00.000Z				2.4401392E7
2010-05-04T00:00:00.000Z				2.6889436E7
2010-05-05T00:00:00.000Z				2.670677E7
2010-05-06T00:00:00.000Z				2.5418954E7
2010-05-07T00:00:00.000Z				2.1340342E7
2010-05-08T00:00:00.000Z				2.5529256E7
2010-05-09T00:00:00.000Z				1.3345787E7
2010-05-10T00:00:00.000Z				7401202.5
2010-05-11T00:00:00.000Z				1.9682598E7
2010-05-12T00:00:00.000Z				1.1133741E7
2010-05-13T00:00:00.000Z				1.2909801E7
2010-05-14T00:00:00.000Z				1.2756107E7
2010-05-15T00:00:00.000Z				1.1364206E7
2010-05-16T00:00:00.000Z				1.4095381E7
2010-05-17T00:00:00.000Z				1.9786908E7
2010-05-18T00:00:00.000Z				2.00747E7
2010-05-19T00:00:00.000Z				9344450.0
2010-05-20T00:00:00.000Z				1.5492064E7
2010-05-21T00:00:00.000Z				2.4136716E7
2010-05-22T00:00:00.000Z				2.1706878E7
2010-05-23T00:00:00.000Z				2.076834E7
2010-05-24T00:00:00.000Z				2.3103098E7
2010-05-25T00:00:00.000Z				2.015212E7
2010-05-26T00:00:00.000Z				2.3722584E7
2010-05-27T00:00:00.000Z				2.6142182E7
2010-05-28T00:00:00.000Z				2.6550992E7
2010-05-29T00:00:00.000Z				2.7292752E7
2010-05-30T00:00:00.000Z				2.4122432E7
2010-05-31T00:00:00.000Z				2.2746648E7
2010-06-01T00:00:00.000Z				2.6022102E7
2010-06-02T00:00:00.000Z				2.4195704E7
2010-06-03T00:00:00.000Z				2.7624478E7
2010-06-04T00:00:00.000Z				2.7867556E7
2010-06-05T00:00:00.000Z				2.8179914E7
2010-06-06T00:00:00.000Z				2.3731194E7
2010-06-07T00:00:00.000Z				2.1197504E7
2010-06-08T00:00:00.000Z				2.365715E7
2010-06-09T00:00:00.000Z				1.9640284E7
2010-06-10T00:00:00.000Z				2.035153E7
2010-06-11T00:00:00.000Z				2.0439052E7
2010-06-12T00:00:00.000Z				1.7735592E7
2010-06-13T00:00:00.000Z				1.9344054E7
2010-06-14T00:00:00.000Z				1.5865319E7
2010-06-15T00:00:00.000Z				1.9912212E7
2010-06-16T00:00:00.000Z				2.456321E7
2010-06-17T00:00:00.000Z				2.556665E7
2010-06-18T00:00:00.000Z				2.5277858E7
2010-06-19T00:00:00.000Z				2.7269736E7
2010-06-20T00:00:00.000Z				2.696916E7
2010-06-21T00:00:00.000Z				2.6223426E7
2010-06-22T00:00:00.000Z				2.7501316E7
2010-06-23T00:00:00.000Z				2.7525098E7
2010-06-24T00:00:00.000Z				2.536222E7
2010-06-25T00:00:00.000Z				2.466875E7
2010-06-26T00:00:00.000Z				2.4043794E7
2010-06-27T00:00:00.000Z				2.1907292E7
2010-06-28T00:00:00.000Z				2.2687606E7
2010-06-29T00:00:00.000Z				2.2995972E7
2010-06-30T00:00:00.000Z				2.869746E7
2010-07-01T00:00:00.000Z				2.6488536E7
2010-07-02T00:00:00.000Z				1.7945884E7
2010-07-03T00:00:00.000Z				8271327.0
2010-07-04T00:00:00.000Z				9030539.0
2010-07-05T00:00:00.000Z				1.4977564E7
2010-07-06T00:00:00.000Z				1.9719058E7
2010-07-07T00:00:00.000Z				1.707266E7
2010-07-08T00:00:00.000Z				1.6751571E7
2010-07-09T00:00:00.000Z				1.780925E7
2010-07-10T00:00:00.000Z				2.2799124E7
2010-07-11T00:00:00.000Z				2.1656818E7
2010-07-12T00:00:00.000Z				1.5914757E7
2010-07-13T00:00:00.000Z				2.5524536E7
2010-07-14T00:00:00.000Z				2.5073762E7
2010-07-15T00:00:00.000Z				2.006143E7
2010-07-16T00:00:00.000Z				2.37564E7
2010-07-17T00:00:00.000Z				2.6961066E7
2010-07-18T00:00:00.000Z				2.7653018E7
2010-07-19T00:00:00.000Z				2.6063946E7
2010-07-20T00:00:00.000Z				2.4208038E7
2010-07-21T00:00:00.000Z				2.3852368E7
2010-07-22T00:00:00.000Z				2.5221154E7
2010-07-23T00:00:00.000Z				2.2825252E7
2010-07-24T00:00:00.000Z				2.1931792E7
2010-07-25T00:00:00.000Z				2.282854E7
2010-07-26T00:00:00.000Z				2.5087102E7
2010-07-27T00:00:00.000Z				2.3061576E7
2010-07-28T00:00:00.000Z				2.1971532E7
2010-07-29T00:00:00.000Z				2.349035E7
2010-07-30T00:00:00.000Z				2.660441E7
2010-07-31T00:00:00.000Z				2.4729946E7
2010-08-01T00:00:00.000Z				2.4412528E7
2010-08-02T00:00:00.000Z				2.6483972E7
2010-08-03T00:00:00.000Z				2.8407874E7
2010-08-04T00:00:00.000Z				2.5791866E7
2010-08-05T00:00:00.000Z				2.1221556E7
2010-08-06T00:00:00.000Z				2.312151E7
2010-08-07T00:00:00.000Z				2.1117308E7
2010-08-08T00:00:00.000Z				2.3112496E7
2010-08-09T00:00:00.000Z				2.3792132E7
2010-08-10T00:00:00.000Z				2.2724092E7
2010-08-11T00:00:00.000Z				2.300688E7
2010-08-12T00:00:00.000Z				2.3994124E7
2010-08-13T00:00:00.000Z				2.283582E7
2010-08-14T00:00:00.000Z				2.3344288E7
2010-08-15T00:00:00.000Z				2.0791468E7
2010-08-16T00:00:00.000Z				2.2580204E7
2010-08-17T00:00:00.000Z				1.1215907E7
2010-08-18T00:00:00.000Z				2.3978302E7
2010-08-19T00:00:00.000Z				2.6062114E7
2010-08-20T00:00:00.000Z				2.0739752E7
2010-08-21T00:00:00.000Z				2.5319918E7
2010-08-22T00:00:00.000Z				2.5878394E7
2010-08-23T00:00:00.000Z				2.2632586E7
2010-08-24T00:00:00.000Z				1.3988439E7
2010-08-25T00:00:00.000Z				2.5182854E7
2010-08-26T00:00:00.000Z				2.561384E7
2010-08-27T00:00:00.000Z				2.5202828E7
2010-08-28T00:00:00.000Z				2.6085094E7
2010-08-29T00:00:00.000Z				2.1492138E7
2010-08-30T00:00:00.000Z				1.971417E7
2010-08-31T00:00:00.000Z				1.7800818E7
2010-09-01T00:00:00.000Z				1.1163675E7
2010-09-02T00:00:00.000Z				1.4968419E7
2010-09-03T00:00:00.000Z				2.499867E7
2010-09-04T00:00:00.000Z				2.5118568E7
2010-09-05T00:00:00.000Z				2.363296E7
2010-09-06T00:00:00.000Z				2.2025424E7
2010-09-07T00:00:00.000Z				1.6834208E7
2010-09-08T00:00:00.000Z				4554293.5
2010-09-09T00:00:00.000Z				1.0774454E7
2010-09-10T00:00:00.000Z				1.6719974E7
2010-09-11T00:00:00.000Z				1.9516916E7
2010-09-12T00:00:00.000Z				2.196269E7
2010-09-13T00:00:00.000Z				1.8490174E7
2010-09-14T00:00:00.000Z				1.3428057E7
2010-09-15T00:00:00.000Z				1.7394772E7
2010-09-16T00:00:00.000Z				1.8048922E7
2010-09-17T00:00:00.000Z				1.9759446E7
2010-09-18T00:00:00.000Z				1.8161314E7
2010-09-19T00:00:00.000Z				1.9083616E7
2010-09-20T00:00:00.000Z				2.0363202E7
2010-09-21T00:00:00.000Z				1.5966965E7
2010-09-22T00:00:00.000Z				1.625451E7
2010-09-23T00:00:00.000Z				1.2495722E7
2010-09-24T00:00:00.000Z				1.8329458E7
2010-09-25T00:00:00.000Z				1.7349502E7
2010-09-26T00:00:00.000Z				1.7454056E7
2010-09-27T00:00:00.000Z				2.0881554E7
2010-09-28T00:00:00.000Z				1.8453684E7
2010-09-29T00:00:00.000Z				1.9459766E7
2010-09-30T00:00:00.000Z				1.9816228E7
2010-10-01T00:00:00.000Z				1.9933292E7
2010-10-02T00:00:00.000Z				1.9118792E7
2010-10-03T00:00:00.000Z				1.9843288E7
2010-10-04T00:00:00.000Z				1.9714672E7
2010-10-05T00:00:00.000Z				2.0229784E7
2010-10-06T00:00:00.000Z				1.9106202E7
2010-10-07T00:00:00.000Z				1.854901E7
2010-10-08T00:00:00.000Z				1.938874E7
2010-10-09T00:00:00.000Z				1.8474424E7
2010-10-10T00:00:00.000Z				1.3279588E7
2010-10-11T00:00:00.000Z				1.2893936E7
2010-10-12T00:00:00.000Z				1.4582264E7
2010-10-13T00:00:00.000Z				1.7802396E7
2010-10-14T00:00:00.000Z				1.8195936E7
2010-10-15T00:00:00.000Z				1.8673068E7
2010-10-16T00:00:00.000Z				1.8357356E7
2010-10-17T00:00:00.000Z				1.6759886E7
2010-10-18T00:00:00.000Z				1.407474E7
2010-10-19T00:00:00.000Z				1.0603088E7
2010-10-20T00:00:00.000Z				1.6978274E7
2010-10-21T00:00:00.000Z				1.4808439E7
2010-10-22T00:00:00.000Z				7087942.0
2010-10-23T00:00:00.000Z				4211505.0
2010-10-24T00:00:00.000Z				1.1634939E7
2010-10-25T00:00:00.000Z				1.2194328E7
2010-10-26T00:00:00.000Z				1.695092E7
2010-10-27T00:00:00.000Z				1.5373425E7
2010-10-28T00:00:00.000Z				1.762338E7
2010-10-29T00:00:00.000Z				1.749622E7
2010-10-30T00:00:00.000Z				1.642418E7
2010-10-31T00:00:00.000Z				1.3942996E7
2010-11-01T00:00:00.000Z				9601773.0
2010-11-02T00:00:00.000Z				1.069127E7
2010-11-03T00:00:00.000Z				1.4889848E7
2010-11-04T00:00:00.000Z				1.5285363E7
2010-11-05T00:00:00.000Z				1.4958738E7
2010-11-06T00:00:00.000Z				1.5195574E7
2010-11-07T00:00:00.000Z				1.5795674E7
2010-11-08T00:00:00.000Z				1.4765207E7
2010-11-09T00:00:00.000Z				1.3210355E7
2010-11-10T00:00:00.000Z				1.0326008E7
2010-11-11T00:00:00.000Z				5437424.5
2010-11-12T00:00:00.000Z				567459.5
2010-11-13T00:00:00.000Z				1.1803378E7
2010-11-14T00:00:00.000Z				1.1631101E7
2010-11-15T00:00:00.000Z				6343127.0
2010-11-16T00:00:00.000Z				1.1865882E7
2010-11-17T00:00:00.000Z				4659417.0
2010-11-18T00:00:00.000Z				1.1990786E7
2010-11-19T00:00:00.000Z				1.2917721E7
2010-11-20T00:00:00.000Z				1.0783741E7
2010-11-21T00:00:00.000Z				4902096.5
2010-11-22T00:00:00.000Z				9143259.0
2010-11-23T00:00:00.000Z				1.0890262E7
2010-11-24T00:00:00.000Z				3008696.0
2010-11-25T00:00:00.000Z				4914375.5
2010-11-26T00:00:00.000Z				1.249069E7
2010-11-27T00:00:00.000Z				1.2639026E7
2010-11-28T00:00:00.000Z				1.1307032E7
2010-11-29T00:00:00.000Z				9518778.0
2010-11-30T00:00:00.000Z				1.1147908E7
2010-12-01T00:00:00.000Z				1.1523628E7
2010-12-02T00:00:00.000Z				1.0761334E7
2010-12-03T00:00:00.000Z				1.0739506E7
2010-12-04T00:00:00.000Z				9733303.0
2010-12-05T00:00:00.000Z				9208484.0
2010-12-06T00:00:00.000Z				1.0963147E7
2010-12-07T00:00:00.000Z				5777990.0
2010-12-08T00:00:00.000Z				1.0156571E7
2010-12-09T00:00:00.000Z				9724889.0
2010-12-10T00:00:00.000Z				7612103.0
2010-12-11T00:00:00.000Z				8822621.0
2010-12-12T00:00:00.000Z				1.0975548E7
2010-12-13T00:00:00.000Z				8469801.0
2010-12-14T00:00:00.000Z				8126236.5
2010-12-15T00:00:00.000Z				4997891.5
2010-12-16T00:00:00.000Z				9379431.0
2010-12-17T00:00:00.000Z				4757221.0
2010-12-18T00:00:00.000Z				8582425.0
2010-12-19T00:00:00.000Z				8489008.0
2010-12-20T00:00:00.000Z				7941049.5
2010-12-21T00:00:00.000Z				7347279.5
2010-12-22T00:00:00.000Z				7959382.5
2010-12-23T00:00:00.000Z				5737696.5
2010-12-24T00:00:00.000Z				3243530.0
2010-12-25T00:00:00.000Z				7519956.0
2010-12-26T00:00:00.000Z				1.0473325E7
2010-12-27T00:00:00.000Z				9737170.0
2010-12-28T00:00:00.000Z				5915690.5
2010-12-29T00:00:00.000Z				4891252.5
2010-12-30T00:00:00.000Z				8774514.0
2010-12-31T00:00:00.000Z				8778405.0
2011-01-01T00:00:00.000Z				9427020.0
2011-01-02T00:00:00.000Z				1.135956E7
2011-01-03T00:00:00.000Z				8982300.0
2011-01-04T00:00:00.000Z				9057239.0
2011-01-05T00:00:00.000Z				9693024.0
2011-01-06T00:00:00.000Z				1.1052243E7
2011-01-07T00:00:00.000Z				9735221.0
2011-01-08T00:00:00.000Z				1.0226698E7
2011-01-09T00:00:00.000Z				2581513.5
2011-01-10T00:00:00.000Z				2086924.0
2011-01-11T00:00:00.000Z				1.2319042E7
2011-01-12T00:00:00.000Z				1.2071772E7
2011-01-13T00:00:00.000Z				1.1881895E7
2011-01-14T00:00:00.000Z				9057922.0
2011-01-15T00:00:00.000Z				7463369.0
2011-01-16T00:00:00.000Z				8145017.0
2011-01-17T00:00:00.000Z				1946684.9
2011-01-18T00:00:00.000Z				7490600.0
2011-01-19T00:00:00.000Z				3460836.0
2011-01-20T00:00:00.000Z				1.016573E7
2011-01-21T00:00:00.000Z				8653213.0
2011-01-22T00:00:00.000Z				1.0912319E7
2011-01-23T00:00:00.000Z				8719539.0
2011-01-24T00:00:00.000Z				9571358.0
2011-01-25T00:00:00.000Z				1.0608614E7
2011-01-26T00:00:00.000Z				1.0791033E7
2011-01-27T00:00:00.000Z				1.2340564E7
2011-01-28T00:00:00.000Z				1.3047315E7
2011-01-29T00:00:00.000Z				1.2965887E7
2011-01-30T00:00:00.000Z				7229712.5
2011-01-31T00:00:00.000Z				3024046.8
2011-02-01T00:00:00.000Z				4397867.0
2011-02-02T00:00:00.000Z				1.2190435E7
2011-02-03T00:00:00.000Z				1.606277E7
2011-02-04T00:00:00.000Z				1.3431646E7
2011-02-05T00:00:00.000Z				1.4387959E7
2011-02-06T00:00:00.000Z				8836299.0
2011-02-07T00:00:00.000Z				1.6535821E7
2011-02-08T00:00:00.000Z				8531630.0
2011-02-09T00:00:00.000Z				1.2413373E7
2011-02-10T00:00:00.000Z				1.9560672E7
2011-02-11T00:00:00.000Z				1.9115242E7
2011-02-12T00:00:00.000Z				1.8421276E7
2011-02-13T00:00:00.000Z				1.8451428E7
2011-02-14T00:00:00.000Z				1.4501595E7
2011-02-15T00:00:00.000Z				8919943.0
2011-02-16T00:00:00.000Z				1.1475537E7
2011-02-17T00:00:00.000Z				1.0970518E7
2011-02-18T00:00:00.000Z				1.3887218E7
2011-02-19T00:00:00.000Z				7110797.5
2011-02-20T00:00:00.000Z				7345968.0
2011-02-21T00:00:00.000Z				1.1605342E7
2011-02-22T00:00:00.000Z				1.475698E7
2011-02-23T00:00:00.000Z				7664688.5
2011-02-24T00:00:00.000Z				1989931.1
2011-02-25T00:00:00.000Z				1.0127558E7
2011-02-26T00:00:00.000Z				1.0492744E7
2011-02-27T00:00:00.000Z				5532043.0
2011-02-28T00:00:00.000Z				1.6241648E7
2011-03-01T00:00:00.000Z				1.9449148E7
2011-03-02T00:00:00.000Z				1.4428463E7
2011-03-03T00:00:00.000Z				1.4480808E7
2011-03-04T00:00:00.000Z				5393047.0
2011-03-05T00:00:00.000Z				1.6988842E7
2011-03-06T00:00:00.000Z				1.7701658E7
2011-03-07T00:00:00.000Z				1.0032337E7
2011-03-08T00:00:00.000Z				6128818.0
2011-03-09T00:00:00.000Z				1.3254142E7
2011-03-10T00:00:00.000Z				1.9748334E7
2011-03-11T00:00:00.000Z				2.0083004E7
2011-03-12T00:00:00.000Z				1.8193806E7
2011-03-13T00:00:00.000Z				5094771.5
2011-03-14T00:00:00.000Z				1.0013168E7
2011-03-15T00:00:00.000Z				1.7775604E7
2011-03-16T00:00:00.000Z				1.7304154E7
2011-03-17T00:00:00.000Z				1.5428216E7
2011-03-18T00:00:00.000Z				1.036173E7
2011-03-19T00:00:00.000Z				6082792.0
2011-03-20T00:00:00.000Z				1.7766506E7
2011-03-21T00:00:00.000Z				1.5774263E7
2011-03-22T00:00:00.000Z				1.7098584E7
2011-03-23T00:00:00.000Z				2.2216426E7
2011-03-24T00:00:00.000Z				1.9967914E7
2011-03-25T00:00:00.000Z				1.6128434E7
2011-03-26T00:00:00.000Z				8299114.0
2011-03-27T00:00:00.000Z				1.0820499E7
2011-03-28T00:00:00.000Z				1.4744576E7
2011-03-29T00:00:00.000Z				7092399.5
2011-03-30T00:00:00.000Z				1.3875263E7
2011-03-31T00:00:00.000Z				1.4916954E7
2011-04-01T00:00:00.000Z				1.9182616E7
2011-04-02T00:00:00.000Z				2.175611E7
2011-04-03T00:00:00.000Z				2.0096622E7
2011-04-04T00:00:00.000Z				1.9525786E7
2011-04-05T00:00:00.000Z				2.4082036E7
2011-04-06T00:00:00.000Z				2.3440824E7
2011-04-07T00:00:00.000Z				1.2586785E7
2011-04-08T00:00:00.000Z				1.7351508E7
2011-04-09T00:00:00.000Z				2.200143E7
2011-04-10T00:00:00.000Z				2.1248342E7
2011-04-11T00:00:00.000Z				2.0295772E7
2011-04-12T00:00:00.000Z				2.5320628E7
2011-04-13T00:00:00.000Z				2.4093414E7
2011-04-14T00:00:00.000Z				1.490515E7
2011-04-15T00:00:00.000Z				1.1538077E7
2011-04-16T00:00:00.000Z				2.472535E7
2011-04-17T00:00:00.000Z				2.2424966E7
2011-04-18T00:00:00.000Z				1.727819E7
2011-04-19T00:00:00.000Z				1.7365376E7
2011-04-20T00:00:00.000Z				1.7517944E7
2011-04-21T00:00:00.000Z				4493273.5
2011-04-22T00:00:00.000Z				1.4932121E7
2011-04-23T00:00:00.000Z				9221100.0
2011-04-24T00:00:00.000Z				5981423.0
2011-04-25T00:00:00.000Z				6320050.5
2011-04-26T00:00:00.000Z				1.8824394E7
2011-04-27T00:00:00.000Z				1.4544521E7
2011-04-28T00:00:00.000Z				2.6522212E7
2011-04-29T00:00:00.000Z				2.5032104E7
2011-04-30T00:00:00.000Z				2.0552098E7
2011-05-01T00:00:00.000Z				3714416.2
2011-05-02T00:00:00.000Z				9472643.0
2011-05-03T00:00:00.000Z				2.6905926E7
2011-05-04T00:00:00.000Z				2.7489264E7
2011-05-05T00:00:00.000Z				2.4144622E7
2011-05-06T00:00:00.000Z				2.6299898E7
2011-05-07T00:00:00.000Z				2.541599E7
2011-05-08T00:00:00.000Z				2.6170244E7
2011-05-09T00:00:00.000Z				2.6933712E7
2011-05-10T00:00:00.000Z				2.0980678E7
2011-05-11T00:00:00.000Z				1.5443976E7
2011-05-12T00:00:00.000Z				2.0803448E7
2011-05-13T00:00:00.000Z				1.8597206E7
2011-05-14T00:00:00.000Z				2.3851554E7
2011-05-15T00:00:00.000Z				2.1361652E7
2011-05-16T00:00:00.000Z				2.6515508E7
2011-05-17T00:00:00.000Z				2.6491848E7
2011-05-18T00:00:00.000Z				1.3953252E7
2011-05-19T00:00:00.000Z				1.167491E7
2011-05-20T00:00:00.000Z				1.0393615E7
2011-05-21T00:00:00.000Z				2.5015672E7
2011-05-22T00:00:00.000Z				2.0135414E7
2011-05-23T00:00:00.000Z				1.7418108E7
2011-05-24T00:00:00.000Z				1.5810699E7
2011-05-25T00:00:00.000Z				2.0112956E7
2011-05-26T00:00:00.000Z				2.5609338E7
2011-05-27T00:00:00.000Z				2.142957E7
2011-05-28T00:00:00.000Z				1.955551E7
2011-05-29T00:00:00.000Z				2.6365596E7
2011-05-30T00:00:00.000Z				2.1851624E7
2011-05-31T00:00:00.000Z				2.4740694E7
2011-06-01T00:00:00.000Z				2.1806874E7
2011-06-02T00:00:00.000Z				2.4569664E7
2011-06-03T00:00:00.000Z				2.7956658E7
2011-06-04T00:00:00.000Z				2.7941108E7
2011-06-05T00:00:00.000Z				2.7643448E7
2011-06-06T00:00:00.000Z				2.726857E7
2011-06-07T00:00:00.000Z				2.6309858E7
2011-06-08T00:00:00.000Z				2.6830168E7
2011-06-09T00:00:00.000Z				2.1977128E7
2011-06-10T00:00:00.000Z				1.8917338E7
2011-06-11T00:00:00.000Z				1.730827E7
2011-06-12T00:00:00.000Z				2.4761284E7
2011-06-13T00:00:00.000Z				2.7447746E7
2011-06-14T00:00:00.000Z				2.347386E7
2011-06-15T00:00:00.000Z				2.8000768E7
2011-06-16T00:00:00.000Z				2.3629504E7
2011-06-17T00:00:00.000Z				2.5075906E7
2011-06-18T00:00:00.000Z				2.3352722E7
2011-06-19T00:00:00.000Z				2.5311006E7
2011-06-20T00:00:00.000Z				2.2663134E7
2011-06-21T00:00:00.000Z				2.6892908E7
2011-06-22T00:00:00.000Z				2.7369328E7
2011-06-23T00:00:00.000Z				2.7026464E7
2011-06-24T00:00:00.000Z				2.4258718E7
2011-06-25T00:00:00.000Z				2.5433238E7
2011-06-26T00:00:00.000Z				2.5704218E7
2011-06-27T00:00:00.000Z				2.1176498E7
2011-06-28T00:00:00.000Z				2.067176E7
2011-06-29T00:00:00.000Z				2.3731058E7
2011-06-30T00:00:00.000Z				2.7247678E7
2011-07-01T00:00:00.000Z				2.7979384E7
2011-07-02T00:00:00.000Z				2.6576532E7
2011-07-03T00:00:00.000Z				2.0749162E7
2011-07-04T00:00:00.000Z				2.5590594E7
2011-07-05T00:00:00.000Z				2.6356256E7
2011-07-06T00:00:00.000Z				1.9249024E7
2011-07-07T00:00:00.000Z				1.72916E7
2011-07-08T00:00:00.000Z				2.3250748E7
2011-07-09T00:00:00.000Z				2.4232634E7
2011-07-10T00:00:00.000Z				2.3240722E7
2011-07-11T00:00:00.000Z				2.7122666E7
2011-07-12T00:00:00.000Z				2.2988782E7
2011-07-13T00:00:00.000Z				1.8483972E7
2011-07-14T00:00:00.000Z				2.3231236E7
2011-07-15T00:00:00.000Z				2.3836872E7
2011-07-16T00:00:00.000Z				2.5847196E7
2011-07-17T00:00:00.000Z				2.4273408E7
2011-07-18T00:00:00.000Z				2.575771E7
2011-07-19T00:00:00.000Z				2.5558158E7
2011-07-20T00:00:00.000Z				2.5681144E7
2011-07-21T00:00:00.000Z				2.5080854E7
2011-07-22T00:00:00.000Z				2.4534758E7
2011-07-23T00:00:00.000Z				2.2605874E7
2011-07-24T00:00:00.000Z				2.4235024E7
2011-07-25T00:00:00.000Z				1.9761272E7
2011-07-26T00:00:00.000Z				2.3502982E7
2011-07-27T00:00:00.000Z				2.4619486E7
2011-07-28T00:00:00.000Z				2.5197524E7
2011-07-29T00:00:00.000Z				1.8789664E7
2011-07-30T00:00:00.000Z				1.7095606E7
2011-07-31T00:00:00.000Z				2.3569926E7
2011-08-01T00:00:00.000Z				2.4010086E7
2011-08-02T00:00:00.000Z				2.5358176E7
2011-08-03T00:00:00.000Z				1.9140846E7
2011-08-04T00:00:00.000Z				2.0305668E7
2011-08-05T00:00:00.000Z				2.4269542E7
2011-08-06T00:00:00.000Z				2.1752828E7
2011-08-07T00:00:00.000Z				2.3619478E7
2011-08-08T00:00:00.000Z				1.8978688E7
2011-08-09T00:00:00.000Z				2.4137818E7
2011-08-10T00:00:00.000Z				1.7278778E7
2011-08-11T00:00:00.000Z				1.6996072E7
2011-08-12T00:00:00.000Z				2.0892904E7
2011-08-13T00:00:00.000Z				2.187914E7
2011-08-14T00:00:00.000Z				2.3520012E7
2011-08-15T00:00:00.000Z				1.8204788E7
2011-08-16T00:00:00.000Z				1.856295E7
2011-08-17T00:00:00.000Z				1.9600628E7
2011-08-18T00:00:00.000Z				2.1367088E7
2011-08-19T00:00:00.000Z				2.4241678E7
2011-08-20T00:00:00.000Z				1.7211272E7
2011-08-21T00:00:00.000Z				2.060615E7
2011-08-22T00:00:00.000Z				1.4525654E7
2011-08-23T00:00:00.000Z				1.8775322E7
2011-08-24T00:00:00.000Z				2.258131E7
2011-08-25T00:00:00.000Z				2.4063838E7
2011-08-26T00:00:00.000Z				2.619228E7
2011-08-27T00:00:00.000Z				2.2701726E7
2011-08-28T00:00:00.000Z				2.2438368E7
2011-08-29T00:00:00.000Z				2.030673E7
2011-08-30T00:00:00.000Z				1.7909082E7
2011-08-31T00:00:00.000Z				2.1749896E7
2011-09-01T00:00:00.000Z				2.2508882E7
2011-09-02T00:00:00.000Z				2.281231E7
2011-09-03T00:00:00.000Z				1.943542E7
2011-09-04T00:00:00.000Z				2.0278238E7
2011-09-05T00:00:00.000Z				2.3900986E7
2011-09-06T00:00:00.000Z				2.5792408E7
2011-09-07T00:00:00.000Z				1.8513588E7
2011-09-08T00:00:00.000Z				2.3300466E7
2011-09-09T00:00:00.000Z				2.1583578E7
2011-09-10T00:00:00.000Z				2.0253278E7
2011-09-11T00:00:00.000Z				2.1924572E7
2011-09-12T00:00:00.000Z				2.2079932E7
2011-09-13T00:00:00.000Z				1.9536072E7
2011-09-14T00:00:00.000Z				1.6001705E7
2011-09-15T00:00:00.000Z				1.0808622E7
2011-09-16T00:00:00.000Z				8441584.0
2011-09-17T00:00:00.000Z				9162441.0
2011-09-18T00:00:00.000Z				1.0391087E7
2011-09-19T00:00:00.000Z				2.1531532E7
2011-09-20T00:00:00.000Z				1.952557E7
2011-09-21T00:00:00.000Z				1.5271142E7
2011-09-22T00:00:00.000Z				1.4730963E7
2011-09-23T00:00:00.000Z				1.9937406E7
2011-09-24T00:00:00.000Z				1.718651E7
2011-09-25T00:00:00.000Z				1.6418342E7
2011-09-26T00:00:00.000Z				1.8434648E7
2011-09-27T00:00:00.000Z				1.85172E7
2011-09-28T00:00:00.000Z				2.0023376E7
2011-09-29T00:00:00.000Z				1.8372262E7
2011-09-30T00:00:00.000Z				2.1324692E7
2011-10-01T00:00:00.000Z				2.084954E7
2011-10-02T00:00:00.000Z				2.1342624E7
2011-10-03T00:00:00.000Z				1.9909126E7
2011-10-04T00:00:00.000Z				2.1115832E7
2011-10-05T00:00:00.000Z				1.7339438E7
2011-10-06T00:00:00.000Z				1.5384757E7
2011-10-07T00:00:00.000Z				1.060429E7
2011-10-08T00:00:00.000Z				1.2648238E7
2011-10-09T00:00:00.000Z				9417751.0
2011-10-10T00:00:00.000Z				1.3267461E7
2011-10-11T00:00:00.000Z				1.4987352E7
2011-10-12T00:00:00.000Z				1.4566856E7
2011-10-13T00:00:00.000Z				1.8051918E7
2011-10-14T00:00:00.000Z				1.5559191E7
2011-10-15T00:00:00.000Z				1.5656718E7
2011-10-16T00:00:00.000Z				1.6014215E7
2011-10-17T00:00:00.000Z				1.0062057E7
2011-10-18T00:00:00.000Z				1.5153352E7
2011-10-19T00:00:00.000Z				1.5959396E7
2011-10-20T00:00:00.000Z				1.6125448E7
2011-10-21T00:00:00.000Z				1.6011587E7
2011-10-22T00:00:00.000Z				1.1634475E7
2011-10-23T00:00:00.000Z				1.5579181E7
2011-10-24T00:00:00.000Z				1.6311225E7
2011-10-25T00:00:00.000Z				1.4095333E7
2011-10-26T00:00:00.000Z				6942910.5
2011-10-27T00:00:00.000Z				7067574.0
2011-10-28T00:00:00.000Z				1.5311396E7
2011-10-29T00:00:00.000Z				1.5749576E7
2011-10-30T00:00:00.000Z				1.3913336E7
2011-10-31T00:00:00.000Z				1.4930638E7
2011-11-01T00:00:00.000Z				1.3767233E7
2011-11-02T00:00:00.000Z				3294952.8
2011-11-03T00:00:00.000Z				1.3363083E7
2011-11-04T00:00:00.000Z				1.4499193E7
2011-11-05T00:00:00.000Z				1.1377657E7
2011-11-06T00:00:00.000Z				7506809.5
2011-11-07T00:00:00.000Z				-61071.555
2011-11-08T00:00:00.000Z				3804412.2
2011-11-09T00:00:00.000Z				1.3738333E7
2011-11-10T00:00:00.000Z				1.4087309E7
2011-11-11T00:00:00.000Z				1.4178116E7
2011-11-12T00:00:00.000Z				9583623.0
2011-11-13T00:00:00.000Z				1.0299589E7
2011-11-14T00:00:00.000Z				8251021.0
2011-11-15T00:00:00.000Z				9334847.0
2011-11-16T00:00:00.000Z				7073824.5
2011-11-17T00:00:00.000Z				1.3000019E7
2011-11-18T00:00:00.000Z				1.0611837E7
2011-11-19T00:00:00.000Z				7661228.5
2011-11-20T00:00:00.000Z				1847726.6
2011-11-21T00:00:00.000Z				273993.66
2011-11-22T00:00:00.000Z				7392091.0
2011-11-23T00:00:00.000Z				1.2198864E7
2011-11-24T00:00:00.000Z				1.2865764E7
2011-11-25T00:00:00.000Z				9322567.0
2011-11-26T00:00:00.000Z				4081700.5
2011-11-27T00:00:00.000Z				1.1758202E7
2011-11-28T00:00:00.000Z				1.1497553E7
2011-11-29T00:00:00.000Z				1.118517E7
2011-11-30T00:00:00.000Z				1.1235001E7
2011-12-01T00:00:00.000Z				8242206.0
2011-12-02T00:00:00.000Z				3564228.2
2011-12-03T00:00:00.000Z				-3248654.2
2011-12-04T00:00:00.000Z				3551398.0
2011-12-05T00:00:00.000Z				4207323.0
2011-12-06T00:00:00.000Z				8655300.0
2011-12-07T00:00:00.000Z				1.103102E7
2011-12-08T00:00:00.000Z				7866145.0
2011-12-09T00:00:00.000Z				9009458.0
2011-12-10T00:00:00.000Z				1.0887025E7
2011-12-11T00:00:00.000Z				8492500.0
2011-12-12T00:00:00.000Z				3139073.2
2011-12-13T00:00:00.000Z				-674539.3
2011-12-14T00:00:00.000Z				1845470.2
2011-12-15T00:00:00.000Z				6345490.0
2011-12-16T00:00:00.000Z				1.0207234E7
2011-12-17T00:00:00.000Z				1.1209818E7
2011-12-18T00:00:00.000Z				6866726.5
2011-12-19T00:00:00.000Z				-1660299.0
2011-12-20T00:00:00.000Z				2774944.2
2011-12-21T00:00:00.000Z				8342354.0
2011-12-22T00:00:00.000Z				3933020.2
2011-12-23T00:00:00.000Z				9360442.0
2011-12-24T00:00:00.000Z				9393193.0
2011-12-25T00:00:00.000Z				9094846.0
2011-12-26T00:00:00.000Z				2971247.2
2011-12-27T00:00:00.000Z				1.0572637E7
2011-12-28T00:00:00.000Z				9754558.0
2011-12-29T00:00:00.000Z				9125178.0
2011-12-30T00:00:00.000Z				1.1376831E7
2011-12-31T00:00:00.000Z				1.0251302E7
2012-01-01T00:00:00.000Z				1.1444366E7
2012-01-02T00:00:00.000Z				1.2389271E7
2012-01-03T00:00:00.000Z				1.067194E7
2012-01-04T00:00:00.000Z				1.1137846E7
2012-01-05T00:00:00.000Z				1.1175385E7
2012-01-06T00:00:00.000Z				1.0988528E7
2012-01-07T00:00:00.000Z				1.0087353E7
2012-01-08T00:00:00.000Z				2933734.0
2012-01-09T00:00:00.000Z				9845218.0
2012-01-10T00:00:00.000Z				5463298.0
2012-01-11T00:00:00.000Z				8502920.0
2012-01-12T00:00:00.000Z				1.1658704E7
2012-01-13T00:00:00.000Z				1.1434666E7
2012-01-14T00:00:00.000Z				1.25013E7
2012-01-15T00:00:00.000Z				1.1905087E7
2012-01-16T00:00:00.000Z				8118388.0
2012-01-17T00:00:00.000Z				1.0771047E7
2012-01-18T00:00:00.000Z				1.0201087E7
2012-01-19T00:00:00.000Z				9563597.0
2012-01-20T00:00:00.000Z				7044353.0
2012-01-21T00:00:00.000Z				1.0013813E7
2012-01-22T00:00:00.000Z				7593490.0
2012-01-23T00:00:00.000Z				1.230557E7
2012-01-24T00:00:00.000Z				8232330.0
2012-01-25T00:00:00.000Z				2664974.2
2012-01-26T00:00:00.000Z				1.1393023E7
2012-01-27T00:00:00.000Z				6012021.5
2012-01-28T00:00:00.000Z				1.4095134E7
2012-01-29T00:00:00.000Z				1.3268873E7
2012-01-30T00:00:00.000Z				1.2502102E7
2012-01-31T00:00:00.000Z				7662611.5
2012-02-01T00:00:00.000Z				1.0874526E7
2012-02-02T00:00:00.000Z				8881052.0
2012-02-03T00:00:00.000Z				1115417.2
2012-02-04T00:00:00.000Z				7978076.5
2012-02-05T00:00:00.000Z				1.1966476E7
2012-02-06T00:00:00.000Z				1.3400264E7
2012-02-07T00:00:00.000Z				5501076.5
2012-02-08T00:00:00.000Z				1.0819396E7
2012-02-09T00:00:00.000Z				8459803.0
2012-02-10T00:00:00.000Z				1.3040066E7
2012-02-11T00:00:00.000Z				1.2935226E7
2012-02-12T00:00:00.000Z				1.4046969E7
2012-02-13T00:00:00.000Z				3735086.8
2012-02-14T00:00:00.000Z				1.4319645E7
2012-02-15T00:00:00.000Z				4541511.5
2012-02-16T00:00:00.000Z				1.4508713E7
2012-02-17T00:00:00.000Z				1.2025044E7
2012-02-18T00:00:00.000Z				6229864.0
2012-02-19T00:00:00.000Z				1.5564631E7
2012-02-20T00:00:00.000Z				7226581.0
2012-02-21T00:00:00.000Z				1.6019377E7
2012-02-22T00:00:00.000Z				1.5571963E7
2012-02-23T00:00:00.000Z				1.3732499E7
2012-02-24T00:00:00.000Z				1.7547384E7
2012-02-25T00:00:00.000Z				1.8374782E7
2012-02-26T00:00:00.000Z				1.7435628E7
2012-02-27T00:00:00.000Z				1.3052132E7
2012-02-28T00:00:00.000Z				3929344.5
2012-02-29T00:00:00.000Z				1.9073312E7
2012-03-01T00:00:00.000Z				1.7625972E7
2012-03-02T00:00:00.000Z				1.4872592E7
2012-03-03T00:00:00.000Z				1.8313422E7
2012-03-04T00:00:00.000Z				1.8458176E7
2012-03-05T00:00:00.000Z				1.8994596E7
2012-03-06T00:00:00.000Z				1.7477082E7
2012-03-07T00:00:00.000Z				4461698.5
2012-03-08T00:00:00.000Z				4336776.0
2012-03-09T00:00:00.000Z				1.854082E7
2012-03-10T00:00:00.000Z				1.3156335E7
2012-03-11T00:00:00.000Z				5034804.0
2012-03-12T00:00:00.000Z				1.999609E7
2012-03-13T00:00:00.000Z				1.8791344E7
2012-03-14T00:00:00.000Z				1.2662412E7
2012-03-15T00:00:00.000Z				1.0677233E7
2012-03-16T00:00:00.000Z				1.1692923E7
2012-03-17T00:00:00.000Z				1.0470794E7
2012-03-18T00:00:00.000Z				6976031.0
2012-03-19T00:00:00.000Z				4542856.0
2012-03-20T00:00:00.000Z				7078635.5
2012-03-21T00:00:00.000Z				6529198.5
2012-03-22T00:00:00.000Z				1.3128083E7
2012-03-23T00:00:00.000Z				1.6120012E7
2012-03-24T00:00:00.000Z				2.0875786E7
2012-03-25T00:00:00.000Z				2.1298974E7
2012-03-26T00:00:00.000Z				2.1018854E7
2012-03-27T00:00:00.000Z				1.6073189E7
2012-03-28T00:00:00.000Z				1.3953248E7
2012-03-29T00:00:00.000Z				1.9165264E7
2012-03-30T00:00:00.000Z				1.7184002E7
2012-03-31T00:00:00.000Z				2.0321046E7
2012-04-01T00:00:00.000Z				1.949767E7
2012-04-02T00:00:00.000Z				2.0151416E7
2012-04-03T00:00:00.000Z				1.1262959E7
2012-04-04T00:00:00.000Z				1.887716E7
2012-04-05T00:00:00.000Z				1.4070836E7
2012-04-06T00:00:00.000Z				1.9026236E7
2012-04-07T00:00:00.000Z				1.0581271E7
2012-04-08T00:00:00.000Z				1.8022326E7
2012-04-09T00:00:00.000Z				1.9274924E7
2012-04-10T00:00:00.000Z				1.5110469E7
2012-04-11T00:00:00.000Z				1.3047644E7
2012-04-12T00:00:00.000Z				7024158.5
2012-04-13T00:00:00.000Z				9749579.0
2012-04-14T00:00:00.000Z				8718124.0
2012-04-15T00:00:00.000Z				1.7945278E7
2012-04-16T00:00:00.000Z				2.4163828E7
2012-04-17T00:00:00.000Z				2.4033554E7
2012-04-18T00:00:00.000Z				2.3289772E7
2012-04-19T00:00:00.000Z				1.923741E7
2012-04-20T00:00:00.000Z				1.9465386E7
2012-04-21T00:00:00.000Z				2.340843E7
2012-04-22T00:00:00.000Z				2.3053788E7
2012-04-23T00:00:00.000Z				2.5477512E7
2012-04-24T00:00:00.000Z				2.408696E7
2012-04-25T00:00:00.000Z				2.4009042E7
2012-04-26T00:00:00.000Z				1.9030044E7
2012-04-27T00:00:00.000Z				1.815081E7
2012-04-28T00:00:00.000Z				1.3233881E7
2012-04-29T00:00:00.000Z				9552155.0
2012-04-30T00:00:00.000Z				1.2563931E7
2012-05-01T00:00:00.000Z				1.148826E7
2012-05-02T00:00:00.000Z				1.758646E7
2012-05-03T00:00:00.000Z				1.7633032E7
2012-05-04T00:00:00.000Z				1.8429756E7
2012-05-05T00:00:00.000Z				2.0910676E7
2012-05-06T00:00:00.000Z				1.4822059E7
2012-05-07T00:00:00.000Z				1.122397E7
2012-05-08T00:00:00.000Z				1.9884824E7
2012-05-09T00:00:00.000Z				2.6691508E7
2012-05-10T00:00:00.000Z				2.8090096E7
2012-05-11T00:00:00.000Z				1.5968036E7
2012-05-12T00:00:00.000Z				1.4768911E7
2012-05-13T00:00:00.000Z				2.1556104E7
2012-05-14T00:00:00.000Z				2.592993E7
2012-05-15T00:00:00.000Z				2.7041684E7
2012-05-16T00:00:00.000Z				2.7128154E7
2012-05-17T00:00:00.000Z				2.8329178E7
2012-05-18T00:00:00.000Z				2.5253498E7
2012-05-19T00:00:00.000Z				2.2496474E7
2012-05-20T00:00:00.000Z				1.7234136E7
2012-05-21T00:00:00.000Z				2.5689704E7
2012-05-22T00:00:00.000Z				2.4950782E7
2012-05-23T00:00:00.000Z				2.4907276E7
2012-05-24T00:00:00.000Z				1.9230844E7
2012-05-25T00:00:00.000Z				1.6448465E7
2012-05-26T00:00:00.000Z				2.0321548E7
2012-05-27T00:00:00.000Z				2.4720864E7
2012-05-28T00:00:00.000Z				2.5295822E7
2012-05-29T00:00:00.000Z				2.4127212E7
2012-05-30T00:00:00.000Z				1.9267912E7
2012-05-31T00:00:00.000Z				2.1306306E7
2012-06-01T00:00:00.000Z				1.6734533E7
2012-06-02T00:00:00.000Z				2.3853742E7
2012-06-03T00:00:00.000Z				1.7841512E7
2012-06-04T00:00:00.000Z				2.2049582E7
2012-06-05T00:00:00.000Z				2.2877626E7
2012-06-06T00:00:00.000Z				2.0559082E7
2012-06-07T00:00:00.000Z				1.7985938E7
2012-06-08T00:00:00.000Z				2.612965E7
2012-06-09T00:00:00.000Z				2.5452588E7
2012-06-10T00:00:00.000Z				2.2578952E7
2012-06-11T00:00:00.000Z				2.029238E7
2012-06-12T00:00:00.000Z				2.4871316E7
2012-06-13T00:00:00.000Z				2.248877E7
2012-06-14T00:00:00.000Z				2.0861454E7
2012-06-15T00:00:00.000Z				1.6682943E7
2012-06-16T00:00:00.000Z				2.0387392E7
2012-06-17T00:00:00.000Z				2.2908972E7
2012-06-18T00:00:00.000Z				2.619092E7
2012-06-19T00:00:00.000Z				2.087929E7
2012-06-20T00:00:00.000Z				1.4450505E7
2012-06-21T00:00:00.000Z				1.883864E7
2012-06-22T00:00:00.000Z				2.638762E7
2012-06-23T00:00:00.000Z				2.6379646E7
2012-06-24T00:00:00.000Z				2.7861764E7
2012-06-25T00:00:00.000Z				2.7591422E7
2012-06-26T00:00:00.000Z				2.6708646E7
2012-06-27T00:00:00.000Z				2.7202988E7
2012-06-28T00:00:00.000Z				2.9430626E7
2012-06-29T00:00:00.000Z				2.9382918E7
2012-06-30T00:00:00.000Z				2.5984078E7
2012-07-01T00:00:00.000Z				2.7423466E7
2012-07-02T00:00:00.000Z				2.331741E7
2012-07-03T00:00:00.000Z				2.5110418E7
2012-07-04T00:00:00.000Z				2.800404E7
2012-07-05T00:00:00.000Z				2.8058696E7
2012-07-06T00:00:00.000Z				2.7191132E7
2012-07-07T00:00:00.000Z				2.2122038E7
2012-07-08T00:00:00.000Z				2.1477582E7
2012-07-09T00:00:00.000Z				1.8545636E7
2012-07-10T00:00:00.000Z				2.2063016E7
2012-07-11T00:00:00.000Z				2.5982136E7
2012-07-12T00:00:00.000Z				2.6183682E7
2012-07-13T00:00:00.000Z				2.6051076E7
2012-07-14T00:00:00.000Z				2.6017372E7
2012-07-15T00:00:00.000Z				2.444047E7
2012-07-16T00:00:00.000Z				2.4016204E7
2012-07-17T00:00:00.000Z				2.6184622E7
2012-07-18T00:00:00.000Z				2.625892E7
2012-07-19T00:00:00.000Z				2.673193E7
2012-07-20T00:00:00.000Z				2.7594286E7
2012-07-21T00:00:00.000Z				2.8028276E7
2012-07-22T00:00:00.000Z				2.6987884E7
2012-07-23T00:00:00.000Z				2.5344576E7
2012-07-24T00:00:00.000Z				2.5007898E7
2012-07-25T00:00:00.000Z				2.4316806E7
2012-07-26T00:00:00.000Z				2.117394E7
2012-07-27T00:00:00.000Z				2.503582E7
2012-07-28T00:00:00.000Z				2.664471E7
2012-07-29T00:00:00.000Z				2.6021032E7
2012-07-30T00:00:00.000Z				1.9761684E7
2012-07-31T00:00:00.000Z				2.3911334E7
2012-08-01T00:00:00.000Z				2.5533508E7
2012-08-02T00:00:00.000Z				2.5256706E7
2012-08-03T00:00:00.000Z				2.3260738E7
2012-08-04T00:00:00.000Z				2.273329E7
2012-08-05T00:00:00.000Z				2.3328092E7
2012-08-06T00:00:00.000Z				2.5051606E7
2012-08-07T00:00:00.000Z				2.28993E7
2012-08-08T00:00:00.000Z				2.1200614E7
2012-08-09T00:00:00.000Z				2.4592816E7
2012-08-10T00:00:00.000Z				2.4598652E7
2012-08-11T00:00:00.000Z				2.4543748E7
2012-08-12T00:00:00.000Z				1.8293368E7
2012-08-13T00:00:00.000Z				2.4322124E7
2012-08-14T00:00:00.000Z				1.0887904E7
2012-08-15T00:00:00.000Z				2.0136454E7
2012-08-16T00:00:00.000Z				1.8443848E7
2012-08-17T00:00:00.000Z				2.115184E7
2012-08-18T00:00:00.000Z				1.7179802E7
2012-08-19T00:00:00.000Z				2.299011E7
2012-08-20T00:00:00.000Z				2.5603858E7
2012-08-21T00:00:00.000Z				2.4899076E7
2012-08-22T00:00:00.000Z				2.3563E7
2012-08-23T00:00:00.000Z				2.2362814E7
2012-08-24T00:00:00.000Z				1.3577415E7
2012-08-25T00:00:00.000Z				1.4392891E7
2012-08-26T00:00:00.000Z				1.689698E7
2012-08-27T00:00:00.000Z				2.23462E7
2012-08-28T00:00:00.000Z				2.5862936E7
2012-08-29T00:00:00.000Z				2.599443E7
2012-08-30T00:00:00.000Z				2.1974134E7
2012-08-31T00:00:00.000Z				1.1761273E7
2012-09-01T00:00:00.000Z				1.8845846E7
2012-09-02T00:00:00.000Z				2.3755432E7
2012-09-03T00:00:00.000Z				2.3117366E7
2012-09-04T00:00:00.000Z				2.2312616E7
2012-09-05T00:00:00.000Z				1.9168412E7
2012-09-06T00:00:00.000Z				2.0144178E7
2012-09-07T00:00:00.000Z				1.4433316E7
2012-09-08T00:00:00.000Z				2.4444192E7
2012-09-09T00:00:00.000Z				2.4975324E7
2012-09-10T00:00:00.000Z				2.5464966E7
2012-09-11T00:00:00.000Z				2.5112344E7
2012-09-12T00:00:00.000Z				2.1685846E7
2012-09-13T00:00:00.000Z				1.3396909E7
2012-09-14T00:00:00.000Z				9978863.0
2012-09-15T00:00:00.000Z				9049165.0
2012-09-16T00:00:00.000Z				9510065.0
2012-09-17T00:00:00.000Z				1.6187623E7
2012-09-18T00:00:00.000Z				2.1424542E7
2012-09-19T00:00:00.000Z				2.1441692E7
2012-09-20T00:00:00.000Z				1.9331918E7
2012-09-21T00:00:00.000Z				1.9690936E7
2012-09-22T00:00:00.000Z				2.0100604E7
2012-09-23T00:00:00.000Z				1.7842258E7
2012-09-24T00:00:00.000Z				1.7532372E7
2012-09-25T00:00:00.000Z				1.5634025E7
2012-09-26T00:00:00.000Z				1.5473392E7
2012-09-27T00:00:00.000Z				9754479.0
2012-09-28T00:00:00.000Z				1.227719E7
2012-09-29T00:00:00.000Z				7569708.5
2012-09-30T00:00:00.000Z				1.0275516E7
2012-10-01T00:00:00.000Z				1.4404526E7
2012-10-02T00:00:00.000Z				1.830618E7
2012-10-03T00:00:00.000Z				1.8694072E7
2012-10-04T00:00:00.000Z				1.4965016E7
2012-10-05T00:00:00.000Z				8124005.0
2012-10-06T00:00:00.000Z				4236705.0
2012-10-07T00:00:00.000Z				1.2967255E7
2012-10-08T00:00:00.000Z				1.8703186E7
2012-10-09T00:00:00.000Z				1.3013568E7
2012-10-10T00:00:00.000Z				1.6305822E7
2012-10-11T00:00:00.000Z				1.1578745E7
2012-10-12T00:00:00.000Z				3491729.8
2012-10-13T00:00:00.000Z				-106171.3
2012-10-14T00:00:00.000Z				1.7229268E7
2012-10-15T00:00:00.000Z				1.7531002E7
2012-10-16T00:00:00.000Z				1.57576E7
2012-10-17T00:00:00.000Z				1.2198538E7
2012-10-18T00:00:00.000Z				1.764461E7
2012-10-19T00:00:00.000Z				1.5747792E7
2012-10-20T00:00:00.000Z				1.6315342E7
2012-10-21T00:00:00.000Z				8209550.5
2012-10-22T00:00:00.000Z				4045873.0
2012-10-23T00:00:00.000Z				1.0760209E7
2012-10-24T00:00:00.000Z				8877837.0
2012-10-25T00:00:00.000Z				7683881.5
2012-10-26T00:00:00.000Z				1.449123E7
2012-10-27T00:00:00.000Z				1.4906882E7
2012-10-28T00:00:00.000Z				1.5261849E7
2012-10-29T00:00:00.000Z				1.465324E7
2012-10-30T00:00:00.000Z				1.2502173E7
2012-10-31T00:00:00.000Z				1.4171361E7
2012-11-01T00:00:00.000Z				1.3738964E7
2012-11-02T00:00:00.000Z				1.409121E7
2012-11-03T00:00:00.000Z				1.2580874E7
2012-11-04T00:00:00.000Z				1.3442262E7
2012-11-05T00:00:00.000Z				1.1037581E7
2012-11-06T00:00:00.000Z				1.3287909E7
2012-11-07T00:00:00.000Z				1.3672605E7
2012-11-08T00:00:00.000Z				1.2971883E7
2012-11-09T00:00:00.000Z				1.1141811E7
2012-11-10T00:00:00.000Z				9141498.0
2012-11-11T00:00:00.000Z				7085855.5
2012-11-12T00:00:00.000Z				1.4641868E7
2012-11-13T00:00:00.000Z				1.3801046E7
2012-11-14T00:00:00.000Z				1.3424885E7
2012-11-15T00:00:00.000Z				1.1812803E7
2012-11-16T00:00:00.000Z				1.282251E7
2012-11-17T00:00:00.000Z				1.290306E7
2012-11-18T00:00:00.000Z				9496071.0
2012-11-19T00:00:00.000Z				1.0206261E7
2012-11-20T00:00:00.000Z				1.2377614E7
2012-11-21T00:00:00.000Z				1.433346E7
2012-11-22T00:00:00.000Z				5329289.5
2012-11-23T00:00:00.000Z				1.2989569E7
2012-11-24T00:00:00.000Z				1.2431429E7
2012-11-25T00:00:00.000Z				1.1355566E7
2012-11-26T00:00:00.000Z				6968982.0
2012-11-27T00:00:00.000Z				1.1414142E7
2012-11-28T00:00:00.000Z				1.1828643E7
2012-11-29T00:00:00.000Z				1.150887E7
2012-11-30T00:00:00.000Z				7395806.0
